Post id,Date,Post text,Post Link,Impressions,Likes,Engagements,Bookmarks,Shares,New follows,Replies,Reposts,Profile visits,Detail Expands,URL Clicks,Hashtag Clicks,Permalink Clicks
1952049639269814401,"Sun, Aug 3, 2025","Once again, Score ranks among the top 5 subnets by mindshare. https://t.co/fwUqJBMZhH",https://x.com/webuildscore/status/1952049639269814401,417,5,10,3,0,0,1,1,1,2,0,0,0
1952049637486973260,"Sun, Aug 3, 2025",A set of hotfixes has been deployed to Score SN44. https://t.co/1k9T5s3s28,https://x.com/webuildscore/status/1952049637486973260,451,4,8,2,0,0,1,0,1,2,0,0,0
1952049635624886354,"Sun, Aug 3, 2025","Alongside the rebrand, we released a preview of our new website - a first look at the product and vision behind it. https://t.co/YQ0vZPPcbO",https://x.com/webuildscore/status/1952049635624886354,66,3,5,2,0,0,1,0,0,1,0,0,0
1952049633456165219,"Sun, Aug 3, 2025",We unveiled Score’s new identity – the result of weeks of work with the team at @outpacestudios. A fresh look that reflects the next chapter of building The Optic Nerve of AI 👁️ https://t.co/xi7SWJnOMc,https://x.com/webuildscore/status/1952049633456165219,112,3,8,2,0,0,1,0,1,3,0,0,0
1952049631187136611,"Sun, Aug 3, 2025","Score Weekly Roundup 21.07 – 03.08 A rebrand reveal, website teaser, SN44 updates, and another strong week for Score 💥 Here’s a recap of everything that happened in the past two weeks 🔽 1/5 🧵 https://t.co/vNSfajGG3Y",https://x.com/webuildscore/status/1952049631187136611,798,23,59,4,0,0,1,2,3,27,1,0,0
1951636605707735405,"Sat, Aug 2, 2025","Top ball carriers in the Premier League 2024/25 🚀 Antonee Robinson, Rogers, and Wan-Bissaka led their zones in progressive carries over 15m. Robinson &amp; AWB drove down the flanks with pace, while Rogers often picked up deep and carried through the middle under pressure. https://t.co/1sA857zoiC",https://x.com/webuildscore/status/1951636605707735405,1341,29,106,3,0,1,1,1,14,31,0,0,0
1951349712147325324,"Fri, Aug 1, 2025","Jorrel Hato to Chelsea ✅ An attacking fullback with the versatility to slot in at center back, Hato thrives as an inverted LB - ranking high for assists and touches in the attacking box. Also strong in aerial duels, he’s a solid backup option for Cucurella ⤵️ https://t.co/LhV4BuGm9P",https://x.com/webuildscore/status/1951349712147325324,958,20,72,1,0,0,1,1,12,15,0,0,0
1951238759967596872,"Fri, Aug 1, 2025","Top 5 Serie A goalkeepers last season 🧤 Vanja Milinković-Savić led the way, conceding 11.4 goals fewer than expected (51.4 xGOT, 40 conceded). Mile Svilar (-8.5) and Nicola Leali (-6.3) also delivered strong performances, saving more than expected throughout the season. https://t.co/qhkokLuLcg",https://x.com/webuildscore/status/1951238759967596872,629,13,35,0,0,0,0,1,3,11,0,0,0
1950913064334659880,"Thu, Jul 31, 2025",@outpacestudios https://t.co/G1Stzlgneh,https://x.com/webuildscore/status/1950913064334659880,760,9,100,1,0,0,1,1,6,9,74,0,0
1950912104233390218,"Thu, Jul 31, 2025",The teaser version of @webuildscore new website is now live ⚡️ A first look at the identity that will carry us into the next phase of building The Optic Nerve of AI. Built with the team at @outpacestudios. See what’s new 🔽 https://t.co/G1Stzlgneh,https://x.com/webuildscore/status/1950912104233390218,2465,44,315,5,0,0,1,5,33,114,118,0,0
1950878101048619347,"Thu, Jul 31, 2025","Score is rebranding! 🔥 Together with the team at @outpacestudios, Score developed a new brand and visual identity. Stay tuned for the teaser version of the new website later today. The Optic Nerve of AI is here. https://t.co/IPkQw9ha3U",https://x.com/webuildscore/status/1950878101048619347,27520,153,1039,9,1,6,13,36,288,537,0,0,0
1950624938357866828,"Wed, Jul 30, 2025","Guess the player 👀 One of the top creators in LaLiga last season, created 92 chances - 52 with his right foot and 40 with his left. Played as an attacking midfielder and just made a move to Atlético Madrid. Who do you think it is? 🔽 https://t.co/kBwkbLvEGw",https://x.com/webuildscore/status/1950624938357866828,727,11,36,1,0,0,0,1,3,9,1,0,0
1950535032029729227,"Wed, Jul 30, 2025","Why even elite clubs can’t make the most of their data? In the latest Sporting Crypto episode, @mxmsbt explains why top teams still struggle to turn data into actionable insights - despite having big budgets and strong data teams. Full episode 🔽 https://t.co/HdyRXOuaUn https://t.co/WW31hN0yZ2",https://x.com/webuildscore/status/1950535032029729227,1105,22,70,2,0,0,0,3,12,22,8,0,0
1950164687724695815,"Tue, Jul 29, 2025","Top chance creators in Ligue 1 2024/25 🎯 Junya Ito, Rayan Cherki, and Moses Simon led their zones in chance creation through passes. Ito was a constant threat on the right with 64 crosses, Cherki stood out in the middle, and Simon made 10 assists from the left. https://t.co/xqCbIgQ8vU",https://x.com/webuildscore/status/1950164687724695815,4484,68,269,8,2,1,0,24,43,45,0,0,0
1949919100823589228,"Mon, Jul 28, 2025","Luis Díaz to Bayern ✅ Only Saka completed more dribbles and created more chances in the final third last season in the PL. His 4.4 xA highlights his creative threat. With Bayern replacing Sané, could Díaz be the perfect fit to unlock Bundesliga defenses? 🔽 https://t.co/bhsyuPXMGx",https://x.com/webuildscore/status/1949919100823589228,790,10,39,1,0,0,0,1,9,1,1,0,0
1949851152557728020,"Mon, Jul 28, 2025","Play of the Week 🔁 A quick team move brought England level vs Spain. Starting with Williamson and Walsh, Stanway drove forward, found Kelly on the right, and her cross was met by Russo - who headed it into the top corner. A key moment on the way to winning the tournament 🏆 https://t.co/qdEZCCqNov",https://x.com/webuildscore/status/1949851152557728020,795,11,16,0,0,0,0,1,3,0,0,0,0
1949539943908311531,"Sun, Jul 27, 2025","What’s the Score Go-To-Market Strategy? In the latest Sporting Crypto podcast, @mxmsbt shares how we prove to clients we can deliver more, faster, and cheaper - and how future profits will fund token buybacks and miner incentives. Full episode 🔽 https://t.co/SMZE9VSx7N https://t.co/i4YZT5KHtJ",https://x.com/webuildscore/status/1949539943908311531,5343,37,97,8,0,0,2,1,24,5,27,0,0
1949111433662247089,"Sat, Jul 26, 2025","Guess the player 👀 A real aerial threat in the Premier League last season, converting 8 of his 21 headed attempts into goals – the highest in the league. Who do you think it is? 🔽 https://t.co/BZEkw7Ke4x",https://x.com/webuildscore/status/1949111433662247089,812,18,35,0,0,0,0,2,5,1,3,0,0
1948810989903749162,"Fri, Jul 25, 2025","Messi Masterclass in MLS 🔥 91 shots, 41 on target &amp; 18 goals – all from open play. He’s outperforming his xG by 5.6, proving his finishing is still elite. 46 shots inside the box, 45 outside – Messi’s not afraid to go for those long rangers &amp; free kicks 🐐 https://t.co/dW4LPdFv7l",https://x.com/webuildscore/status/1948810989903749162,720,15,37,0,0,0,0,1,3,2,1,0,0
1948745285972172803,"Fri, Jul 25, 2025","Ball carrying specialists in the PL 2024/25 🏟️ Jeremy Doku (3.56 xT) and Savinho (2.53 xT) lead the league, reflecting City’s system encouraging wingers to progress the ball aggressively. Notable mention: Yankuba Minteh, standout at Brighton, joins Sunderland next season. https://t.co/TsfgVUXNGe",https://x.com/webuildscore/status/1948745285972172803,1591,19,69,1,0,0,1,3,4,0,1,0,0
1948455837879730559,"Thu, Jul 24, 2025","What exactly is Score? In the latest Sporting Crypto podcast, @mxmsbt explains what Score is all about, why we focus on football first, and how we’re using computer vision to bring new types of data to AI. Full episode 🔽 https://t.co/SMZE9VT4Xl https://t.co/gaFtNrhE3O",https://x.com/webuildscore/status/1948455837879730559,1082,39,62,5,2,1,0,4,10,0,8,0,0
1948378888507195402,"Thu, Jul 24, 2025","Top 5 Bundesliga goalkeepers last season 🧤 Nikola Vasilj leads the way, conceding 9.4 goals fewer than expected (47.4 xGOT, 38 conceded). Finn Dahmen impressed too, preventing 7.2 goals, while Moritz Nicolas saved nearly 7 goals compared to his xGOT (29.9). https://t.co/2vO9PwuOIl",https://x.com/webuildscore/status/1948378888507195402,810,18,38,0,1,0,0,2,6,4,1,0,0
1948032998655283274,"Wed, Jul 23, 2025","⚙️ Validator Hotfix Update We’ve deployed hotfixes to address the ongoing vtrust issue and improve subnet output: 🔹 Speed score normalization now uses a fixed MAX_PROCESSING_TIME of 15s, smoothing scoring for similar processing times. 🔹 Keypoints weights reverted to 0.5 to https://t.co/weRJ6GYeFO",https://x.com/webuildscore/status/1948032998655283274,1225,14,29,0,0,0,0,2,3,5,0,0,0
1947971543297831039,"Wed, Jul 23, 2025","EPV is more than analytics. It’s understanding football like chess: move by move, risk by reward. Not just noting what happened. But what should have. Read the full Winning Metrics – EPV article: https://t.co/l8zrs2Rx8u",https://x.com/webuildscore/status/1947971543297831039,497,0,0,0,0,0,0,0,0,0,0,0,0
1947971540504744383,"Wed, Jul 23, 2025","When EPV is paired with Score Vision Subnet 44, any match video becomes a rich data layer for EPV. No need for 7-figure tracking setups. Just raw match footage, annotated by a decentralised set of miners across the world. https://t.co/LRzPZJjKip",https://x.com/webuildscore/status/1947971540504744383,344,1,5,0,0,0,1,0,0,0,0,0,0
1947971537962668406,"Wed, Jul 23, 2025","EPV Limitations? – Requires top‑tier tracking data (camera arrays, LPS) – Misses some off‑ball work – Doesn’t yet adjust for score/time Because that infrastructure runs seven figures, only elite clubs can tap EPV at full power. Yet, it still remains the most context-aware",https://x.com/webuildscore/status/1947971537962668406,18,0,1,0,0,0,1,0,0,0,0,0,0
1947971534984806629,"Wed, Jul 23, 2025","At the club level, EPV shows us how teams play: – Build-up merchants – Counter-attack penetrators – All-phase threats PSG? One of the only teams elite across every phase. https://t.co/BdktpZ4NoZ",https://x.com/webuildscore/status/1947971534984806629,30,0,5,0,0,0,1,0,0,0,0,0,0
1947971531813818784,"Wed, Jul 23, 2025","Now zoom out: EPV stacked across a team tells us who shoulders the progression load, and where value is gained or lost. Barça’s Pau Cubarsí is a perfect example: high progression, low leakage. https://t.co/lrIPjHqhRW",https://x.com/webuildscore/status/1947971531813818784,46,0,4,0,0,0,1,0,0,0,0,0,0
1947971528571621855,"Wed, Jul 23, 2025","EPV isn’t just for creators. It shines in defence too. By pricing every tackle or interception based on next-goal impact, EPV shows who’s just busy, and who’s critical for a team’s defence. https://t.co/5UlIiIWMft",https://x.com/webuildscore/status/1947971528571621855,25,0,5,0,0,0,1,0,0,0,0,0,0
1947971526214472120,"Wed, Jul 23, 2025","Players in the low-risk, high-reward quadrant? 💎 Those are football’s decision-making engines. ⚠️ Flashy ≠ smart. Olise stands out as a rare winger who blends ambition with control.",https://x.com/webuildscore/status/1947971526214472120,22,0,1,0,0,0,1,0,0,0,0,0,0
1947971523819483254,"Wed, Jul 23, 2025",EPV models quantify Reward vs. Risk That allows analysts to map decision styles and identify which players excel in specific systems. https://t.co/LXcL4ehsir,https://x.com/webuildscore/status/1947971523819483254,21,0,3,0,0,0,1,0,0,0,0,0,0
1947971521416224905,"Wed, Jul 23, 2025",EPV rewards the: – Smart pass under pressure – Line-breaking carry – Overlap that stretches space …and punishes: – Overambitious long balls – Misjudged back passes – Carries into traffic,https://x.com/webuildscore/status/1947971521416224905,29,0,1,0,0,0,1,0,0,0,0,0,0
1947971519604547874,"Wed, Jul 23, 2025","Metrics like xT (Expected Threat) ask: “Did we move the ball forward?” EPV asks: “Was that the right choice, given the risk?” It’s not just about execution. It’s about decision quality.",https://x.com/webuildscore/status/1947971519604547874,28,0,1,0,0,0,1,0,0,0,0,0,0
1947971517679116540,"Wed, Jul 23, 2025","EPV measures how every action, a pass, a carry, a tackle, changes a team's probability of scoring the next goal. It constantly weighs the potential reward against the risk of conceding: → EPV = P(Scoring) – P(Conceding) A great pass adds value. A sloppy turnover destroys it.",https://x.com/webuildscore/status/1947971517679116540,33,0,1,0,0,0,1,0,0,0,0,0,0
1947971514587812348,"Wed, Jul 23, 2025",Winning Metrics #07: EPV Progress looks good. But did it actually help you win? EPV measures every action’s net effect on the next goal. Here’s why it’s one of the smartest metrics in football right now. ⤵️ 1/11🧵 https://t.co/buCbk6yblH,https://x.com/webuildscore/status/1947971514587812348,779,17,24,0,0,0,1,3,0,0,1,0,0
1947728297124622502,"Tue, Jul 22, 2025","Goal of the Week 💥 A true Barça throwback in Miami. The move went Busquets → Messi → Suárez → Messi → Alba, with all ex-Barça stars linking up for the goal. Messi’s final pass had a very low xA, making the assist even more special. 🔽 https://t.co/jowfa972RD",https://x.com/webuildscore/status/1947728297124622502,1706,22,30,0,1,0,0,2,4,0,0,0,0
1947642951749832830,"Tue, Jul 22, 2025","La Liga’s top finishers this season 💥 Ayoze Pérez has converted 19 goals from just 12.7 npxG, outperforming even Mbappé. Oihan Sancet is the only midfielder among the npxG leaders, and Sørloth stands out for his efficiency despite fewer minutes played. 🔽 https://t.co/NO5nlIXUxD",https://x.com/webuildscore/status/1947642951749832830,778,17,23,0,0,0,0,2,2,0,0,0,0
1947333249153507833,"Mon, Jul 21, 2025","Marcus Rashford to Barcelona ✅ Rashford played only half the game time at Aston Villa compared to United last season but still created almost as many chances. With Barça’s attacking style and better quality, could this be where he reaches an even higher level? 🔽 https://t.co/TTRS3C03if",https://x.com/webuildscore/status/1947333249153507833,717,10,25,1,0,0,0,0,4,0,0,0,0
1947262163707371600,"Mon, Jul 21, 2025","Making big-club tech accessible to everyone In the latest Score podcast, @mxmsbt explains why we focus on solving real business problems, how we can help smaller clubs compete with big teams, and why being on Bittensor already means we’re pushing the needle. Full episode 🔽 https://t.co/BUzA7phNzG",https://x.com/webuildscore/status/1947262163707371600,1091,22,32,0,1,0,0,2,7,1,0,0,0
1946999300740841595,"Sun, Jul 20, 2025",We published a new Winning Metrics blog post on Expected Possession Value (EPV). https://t.co/l8zrs2Rx8u,https://x.com/webuildscore/status/1946999300740841595,582,2,3,0,0,0,0,0,1,0,0,0,0
1946999298534600918,"Sun, Jul 20, 2025",Score CEO @mxmsbt joined the Sporting Crypto Podcast 🎧 We discussed: • Computer vision • Advantages &amp; disadvantages of decentralising compute • How Score is solving the accessibility issue in sports data Full episode 🔽 https://t.co/gFyTarNQyI https://t.co/jMzZpgJ95J,https://x.com/webuildscore/status/1946999298534600918,460,0,13,0,0,0,1,0,2,0,10,0,0
1946999295963492610,"Sun, Jul 20, 2025","We rolled out an important scoring update on the validation side of Subnet 44 – improving accuracy, stability, and resilience to noisy keypoint data from raw footage. https://t.co/6UCgEuWKMJ",https://x.com/webuildscore/status/1946999295963492610,49,0,1,0,0,0,1,0,0,0,0,0,0
1946999294071918648,"Sun, Jul 20, 2025","We introduced another team member – Bas Kottier, our CFO. https://t.co/0qcMYvn5G8",https://x.com/webuildscore/status/1946999294071918648,61,0,1,0,0,0,1,0,0,0,0,0,0
1946999291639222307,"Sun, Jul 20, 2025","Score Weekly Roundup 14.07 – 20.07 Team updates, a new blog post, SN44 update, and a new podcast 🎙️ Here’s everything that happened this week at Score 🔽 1/5 🧵 https://t.co/uhIwP6HE7F",https://x.com/webuildscore/status/1946999291639222307,587,5,11,0,0,0,1,0,1,1,0,0,0
1946926844059496477,"Sun, Jul 20, 2025","Serie A’s Top 5 Aerial Duel Winners 2024/25 🇮🇹 Milan Djuric leads with 9.18 duels won per 90, showing how important he is for Monza’s attack. In defence, Gaspar (3.87), Coppola (3.82), and Kempf (3.5) are among the strongest in the air, while Thorsby (5.0) gives Genoa an edge https://t.co/9bYvQRDAol",https://x.com/webuildscore/status/1946926844059496477,779,17,34,0,0,0,0,1,6,1,0,0,0
1946646332682211336,"Sat, Jul 19, 2025",Who’s your pick for the next community scout? 👀,https://x.com/webuildscore/status/1946646332682211336,924,5,9,1,0,0,1,1,2,0,0,0,0
1946562579981087179,"Sat, Jul 19, 2025","Winning Metrics #07: Expected Possession Value (EPV) EPV measures how every action shifts the balance of the game – rewarding not just creating chances, but making the right choices. A safe pass can add more value than a risky dribble. Full breakdown 🔽",https://x.com/webuildscore/status/1946562579981087179,691,12,13,1,0,0,0,1,0,0,0,0,0
1946562125859528741,"Sat, Jul 19, 2025",https://t.co/BNMRGz12nb,https://x.com/webuildscore/status/1946562125859528741,2517,11,19,1,0,0,0,1,2,5,0,0,0
1946268732587749681,"Fri, Jul 18, 2025","Premier League’s top goalkeepers last season 🧤 Ederson leads the way, conceding 6 goals fewer than expected (31 xGOT, 25 conceded). Alisson also stood out, preventing 3.5 goals, while Pickford stayed close to his xGOT despite facing 48.8 xGOT (44 conceded). 🔽 https://t.co/N4GFhhjK5Z",https://x.com/webuildscore/status/1946268732587749681,2299,27,119,5,0,0,2,6,7,1,0,0,0
1946194398326469120,"Fri, Jul 18, 2025","Keypoints Scoring Update – Subnet 44 We’ve rolled out a scoring update on the validation side of Subnet 44 to improve accuracy, stability, and resilience to noisy keypoint data from raw footage. What’s new? • Smarter weighting of scoring components • Grading based on https://t.co/hzWANHeUBT",https://x.com/webuildscore/status/1946194398326469120,1184,27,44,0,0,0,0,4,9,0,0,0,0
1946170622716842069,"Fri, Jul 18, 2025","Scaling with Precision: Introducing Bas Kottier — Score’s Chief Financial Officer We’re excited to formally introduce Bas Kottier, Score’s Chief Financial Officer. With three months already under his belt as CFO, he has been instrumental in laying the groundwork for Score’s https://t.co/F8tI8AbeYr",https://x.com/webuildscore/status/1946170622716842069,912,24,35,0,0,0,1,1,4,0,0,0,0
1945868797681754532,"Thu, Jul 17, 2025",Guess the player 👀 The most flagged player for offsides in Europe’s top 5 leagues this season – caught 57 times. Hint: Serie A Who do you think it is? 🔽 https://t.co/8voqYhV7vg,https://x.com/webuildscore/status/1945868797681754532,606,10,31,0,0,0,1,2,5,0,0,0,0
1945812073935429757,"Thu, Jul 17, 2025","Football isn’t random. it’s complex. FVF simplifies it into one continuous score. From decoy runs to tempo shifts, we can finally measure what matters. Read more: https://t.co/9AGCX5KOfE",https://x.com/webuildscore/status/1945812073935429757,513,1,1,0,0,0,0,0,0,0,0,0,0
1945812072287121693,"Thu, Jul 17, 2025","FVF’s use-cases: Coaches - objective, quantified feedback on performance Scouts - find undervalued talent Bettors - predict momentum Grassroots - Since anyone can leverage FVF due to Score’s framework, grassroots talent can use it for objective feedback",https://x.com/webuildscore/status/1945812072287121693,351,2,4,0,0,0,1,0,1,0,0,0,0
1945812069321695383,"Thu, Jul 17, 2025","The tools built on top of FVF will allow for additional granular insights: -&gt; Heat-maps spotlight danger zones -&gt; Drag-and-probe lets you move a player and watch the score shift -&gt; Value gradients reveal threats before they happen This is tactics, simulated. https://t.co/P4RKpC1PjK",https://x.com/webuildscore/status/1945812069321695383,20,0,1,0,0,0,1,0,0,0,0,0,0
1945812066796757494,"Thu, Jul 17, 2025","Example: Your CB closes down a space, which prevents a chance for the opponent. No stat. No applause. But FVF sees it: ⏫ Prevented a dangerous line break ⏬ Dropped opponent’s xG It mattered. Now, it’s visible and measurable.",https://x.com/webuildscore/status/1945812066796757494,49,0,1,0,0,0,1,0,0,0,0,0,0
1945812065072939241,"Thu, Jul 17, 2025","Every frame carries a score. And that means every decision, no matter how subtle, gets counted. Including: - Tempo control - Positional discipline - Anticipatory movement FVF quantifies the invisible and maps who made the difference; anchors, screeners, off-ball sprinters",https://x.com/webuildscore/status/1945812065072939241,28,0,1,0,0,0,1,0,0,0,0,0,0
1945812062497591780,"Thu, Jul 17, 2025","But football is messy. So how does AI learn it? Score built a closed loop: - Real footage → tagged in real-time on Subnet 44 - AI trains on millions of synthetic matches - Then fine-tunes using 400k+ real games - Value updates live, frame by frame",https://x.com/webuildscore/status/1945812062497591780,29,0,1,0,0,0,1,0,0,0,0,0,0
1945812060773785768,"Thu, Jul 17, 2025","Football is full of moments that feel important, but never make the stat sheet. A decoy run. A body feint. A subtle press. Tempo slowed at the right time. They’re invisible to legacy metrics, yet they all impact the direction of a game.",https://x.com/webuildscore/status/1945812060773785768,30,0,1,0,0,0,1,0,0,0,0,0,0
1945812059075080337,"Thu, Jul 17, 2025","FVF measures how every moment tilts your chances of scoring or conceding in the next 5 seconds. It’s not just about shots. It’s about shaping advantage. It quantifies how positioning, space, and decisions, on or off the ball, tilt the pitch in real time.",https://x.com/webuildscore/status/1945812059075080337,31,0,1,0,0,0,1,0,0,0,0,0,0
1945812057443455412,"Thu, Jul 17, 2025","Other sports cracked this years ago: 🏌️ Golf — Strokes Gained ♟️ Chess — Pawn advantage 🏈 NFL — Expected Points per Play Meanwhile, football still fixates on stats that don’t tell the whole picture. FVF fixes that. It puts a number on every moment that moves the match.",https://x.com/webuildscore/status/1945812057443455412,47,1,2,0,0,0,1,0,0,0,0,0,0
1945812054566154356,"Thu, Jul 17, 2025","The Football Value Function One number, updating every second, showing who’s in control – and why. A real-time, AI-powered score based on every player’s contribution. FVF could be football’s next big leap. 1/10 🧵 https://t.co/SKqStXKFoB",https://x.com/webuildscore/status/1945812054566154356,732,18,28,4,0,0,2,4,4,0,0,0,0
1945521310479650870,"Wed, Jul 16, 2025","Flamengo vs Santos - Brasileiro Série A Flamengo have been clinical, scoring 24 goals from just 18.7 xG. Santos are struggling in front of goal, with only 10 scored from 11.21 xG. Business as usual for Flamengo, or will Santos surprise?👀 https://t.co/wFupXTlTgD",https://x.com/webuildscore/status/1945521310479650870,659,14,26,0,0,0,0,1,0,0,0,0,0
1945424242578759819,"Wed, Jul 16, 2025","Closing the gap between the elite and everyone else 📊 In the latest Hash Rate episode hosted by @markjeffrey, Score CEO @mxmsbt explains how we can bring top-tier football analytics to smaller clubs – what big teams pay $1–3M/year for, at 1/100th of the cost. Full episode 🔽 https://t.co/1eyAOs6MH3",https://x.com/webuildscore/status/1945424242578759819,3539,44,65,11,1,2,3,8,8,0,0,0,0
1945092230441787546,"Tue, Jul 15, 2025","Underperforming defenses at the Club World Cup 🛡️ BVB conceded 8 goals from 7.12 xG, while City and Bayern both allowed 7 despite an xG conceded of around 5. Flamengo also underperformed, letting in 5 goals from just 3.02 xG. 🔽 https://t.co/HUevIwqSCy",https://x.com/webuildscore/status/1945092230441787546,690,14,28,0,0,0,0,2,1,0,0,0,0
1944804083518595524,"Mon, Jul 14, 2025","Noni Madueke to Arsenal ✅ One of the best players in the Premier League last season at getting into the penalty box and going past defenders. With Saka on the other side and Gyökeres potentially leading the line, could we see a more direct Arsenal next season? 🔽 https://t.co/6Vm5GIsNik",https://x.com/webuildscore/status/1944804083518595524,702,12,27,0,0,0,0,1,2,0,0,0,0
1944751236332618081,"Mon, Jul 14, 2025","Chelsea vs PSG – CWC Final MVP 🏅 Cole Palmer stepped up when it mattered most: 2 goals from 0.39 xG, an assist, and 3/6 dribbles completed. He found Donnarumma’s weak spot, and used it twice – cool, clinical, calculated. Coldest finisher in the final? 🥶 https://t.co/K51jJYoD15",https://x.com/webuildscore/status/1944751236332618081,1145,18,42,0,0,0,1,1,7,0,0,0,0
1944699367614550214,"Mon, Jul 14, 2025","$DKING's data-driven approach delivers again. Chelsea’s victory in the Club World Cup Final was identified as a high-value opportunity, with a 37% win probability and odds of 5.10, resulting in a +88.7% edge. ✅",https://x.com/webuildscore/status/1944699367614550214,1120,20,30,1,0,0,2,2,6,0,0,0,0
1944470669582111082,"Sun, Jul 13, 2025","@mxmsbt also joined the HashRate podcast, hosted by @markjeffrey, to talk about Bittensor and the Score Subnet. https://t.co/q4lpHeMKQ5",https://x.com/webuildscore/status/1944470669582111082,636,2,7,0,0,2,0,0,3,0,0,0,0
1944470667258155188,"Sun, Jul 13, 2025","Score CEO @mxmsbt was a guest on the Bittensor Revenue Search podcast, sharing what we’re building at Score and answering questions about SN44. https://t.co/1myjdS1gOE",https://x.com/webuildscore/status/1944470667258155188,627,0,4,0,0,0,1,0,3,0,0,0,0
1944470665148694792,"Sun, Jul 13, 2025",We published a new blog post on the Football Value Function - showing how we’re using AI to understand the real impact of every moment on the pitch. https://t.co/9AGCX5Lm5c,https://x.com/webuildscore/status/1944470665148694792,52,1,2,0,0,0,1,0,0,0,0,0,0
1944470663013474416,"Sun, Jul 13, 2025","We introduced a new team member - Ishdeep Chadha, our Data Engineer. Meet Ishdeep and learn what he's working on: https://t.co/RSvj3Nj9vK",https://x.com/webuildscore/status/1944470663013474416,63,0,1,0,0,0,1,0,0,0,0,0,0
1944470660052590728,"Sun, Jul 13, 2025","Score Weekly Roundup Team updates, new blog post, and two new podcasts 🎙️ Here’s everything that happened this week at Score 🔽 1/5 🧵 https://t.co/0OfJfEjOsH",https://x.com/webuildscore/status/1944470660052590728,800,16,21,1,0,0,1,0,2,0,0,0,0
1944388847305203903,"Sun, Jul 13, 2025","Club World Cup Final: PSG vs Chelsea PSG attack from all areas and stay balanced across the pitch. Chelsea rely heavily on the wings, with 50% of their attacks coming from the right, where they’ve been most dangerous. Who’s taking the trophy home today? 🏆 https://t.co/tI9CXPb7EH",https://x.com/webuildscore/status/1944388847305203903,1770,25,92,1,0,0,0,3,16,0,0,0,0
1944086856213442580,"Sat, Jul 12, 2025","What Bittensor is really about 🧠 In the latest Score podcast, @WSquires (CEO of @MacrocosmosAI) explains why Bittensor isn’t just a decentralized AI protocol - it’s a system that turns problems into competitive, incentivized ecosystems. Full episode 🔽 https://t.co/8EVCuRc6pK",https://x.com/webuildscore/status/1944086856213442580,2114,31,51,3,0,2,1,6,9,0,2,0,0
1944011358585946311,"Sat, Jul 12, 2025","Play of the Week 💥 In the CWC semi-final vs Real Madrid, PSG produced a stunning team goal. It started with Donnarumma and flowed through 6 players in just 16 seconds, ending with a composed finish by Fabián Ruiz. A masterclass in fast, fluid football 🔽 https://t.co/gZxUI632Ee",https://x.com/webuildscore/status/1944011358585946311,3677,23,28,0,0,0,0,1,4,0,0,0,0
1943739980003639603,"Fri, Jul 11, 2025","Community Scout - João Pedro 🇧🇷 A constant threat just outside the box, João Pedro ranked 12th in the league for passes received in zone 14 and led all Brighton players in xT. His quick turns and link-up play stood out last season. Can Chelsea unlock his full potential? https://t.co/0qREtgPJuB",https://x.com/webuildscore/status/1943739980003639603,1644,18,30,1,0,0,0,1,0,0,0,0,0
1943657409789964594,"Fri, Jul 11, 2025",Score CEO @mxmsbt joins the Bittensor Revenue Search podcast today at 3PM CET 🎙️ Tune in for a deep dive into the Score Subnet 44🔽,https://x.com/webuildscore/status/1943657409789964594,1717,23,49,2,0,0,1,1,7,17,0,0,0
1943641430150242373,"Fri, Jul 11, 2025","Guess the player 👀 One of the most effective wingers in the Premier League this season, known for his speed, accurate crosses, and constant threat on the right side. He’s set to join Newcastle next season. Who do you think it is? 🔽 https://t.co/oTdEwKjv6g",https://x.com/webuildscore/status/1943641430150242373,600,11,31,2,0,0,0,1,4,8,0,0,0
1943349793209606408,"Thu, Jul 10, 2025","The Score Podcast Episode 2 is now on X! 🎙️ @lilly_douse sits down with @WSquires (CEO of @MacrocosmosAI) and @mxmsbt, diving deep into Bittensor - discussing the value it brings to the world and why they chose to build on it. Watch the full episode below 🔽 https://t.co/QCe1dF4vNv",https://x.com/webuildscore/status/1943349793209606408,5185,51,143,8,5,1,2,8,29,33,0,0,0
1943266864089514038,"Thu, Jul 10, 2025",Football stats often miss the hidden impact Score’s Football Value Function goes beyond goals and passes - using AI to measure the true value of every moment on the pitch. Could this redefine how we see the game? Read more 🔽,https://x.com/webuildscore/status/1943266864089514038,1041,19,43,0,1,0,0,1,1,22,0,0,0
1943266778328502757,"Thu, Jul 10, 2025",https://t.co/qCckWxfdbq,https://x.com/webuildscore/status/1943266778328502757,2051,12,93,3,1,0,1,3,5,72,0,0,0
1943007999225712785,"Wed, Jul 9, 2025","Club World Cup: Real Madrid vs PSG Donnarumma comes into this one with more clean sheets, but Courtois has prevented nearly 3 goals - most of them from long-range efforts. Inside the box, both keepers have been near unbeatable. Who’s taking the last ticket to the final? https://t.co/LVReYTs1LM",https://x.com/webuildscore/status/1943007999225712785,3197,29,106,1,0,0,5,2,4,25,0,0,0
1942952776968945765,"Wed, Jul 9, 2025",Who’s next on the radar? 👀,https://x.com/webuildscore/status/1942952776968945765,783,9,15,0,0,0,0,2,2,2,0,0,0
1942893111862276157,"Wed, Jul 9, 2025","In a tournament this diverse, trophies won't go to the flashiest squad. 🏆 They'll go to the club that learns fastest—reading styles, adapting tempo, and seizing the five-second windows where games flip. Full breakdown: https://t.co/g3mdiyDcrS",https://x.com/webuildscore/status/1942893111862276157,552,0,3,0,0,0,0,0,3,0,0,0,0
1942893109806858416,"Wed, Jul 9, 2025",Score’s real-time annotation system + the Football Value Function = a tactical gamechanger. It helps coaches: ▪️ Decode new styles ▪️ Spot weak zones mid-match ▪️ Adjust systems on the fly,https://x.com/webuildscore/status/1942893109806858416,377,0,1,0,0,0,1,0,0,0,0,0,0
1942893107906769160,"Wed, Jul 9, 2025","Enter @webuildscore At the Club World Cup, traditional scouting often falls short: no time, no footage, no reliable data. Hard to stimulate a clash of playing styles that rarely meet. Score bridges that gap, turning raw match footage into structured, tactical insights that",https://x.com/webuildscore/status/1942893107906769160,20,0,3,0,0,0,1,0,0,2,0,0,0
1942893106057122167,"Wed, Jul 9, 2025","Knockout Outlook The group stage was a tactical stress test. Clubs that learn from it will go furthest. Possession teams need vertical release. Counter sides must protect leads without retreating. Local conditions, such as the summer heat, will be an essential factor.",https://x.com/webuildscore/status/1942893106057122167,30,0,1,0,0,0,1,0,0,0,0,0,0
1942893104400302532,"Wed, Jul 9, 2025","🌍 Other confederations add layers - Africa’s high lines - Asia’s measured triangles - CONCACAF’s hybrid press - Oceania’s deep-block miracles (Auckland City’s Semi-pros drawing Boca). They didn’t top groups, but they enriched the tactical palette.",https://x.com/webuildscore/status/1942893104400302532,29,0,2,0,0,0,1,0,0,1,0,0,0
1942893100516401598,"Wed, Jul 9, 2025","Chance-Creation Pathways Both continents attack from wide areas, but their final passes tell two stories: ▪️ Europe: low cutbacks into the 6-yard box for close-range finishes ▪️ South America: more often pulls back to the edge of the area for long shots Same corridors, https://t.co/MTt3uHctv2",https://x.com/webuildscore/status/1942893100516401598,27,0,5,0,0,0,1,0,0,0,1,0,0
1942893095948784035,"Wed, Jul 9, 2025","🎯 Shot Quality &amp; Volume Europe ruled the penalty area in volume: high volume and on-target accuracy (City, Benfica). Latin teams had to do more with less. Botafogo: low volume, lethal accuracy. https://t.co/mAVuvYkTCR",https://x.com/webuildscore/status/1942893095948784035,51,0,3,0,0,0,1,0,0,0,1,0,0
1942893091721023982,"Wed, Jul 9, 2025","Pressing Europe’s elite (Man City, Bayern) pressed early &amp; often. Latin American sides pressed less but with sniper timing: fewer events, similar disruption. Volume ≠ impact. https://t.co/E2nkw3apFy",https://x.com/webuildscore/status/1942893091721023982,31,0,4,0,0,0,1,0,0,0,0,0,0
1942893087275069750,"Wed, Jul 9, 2025","⚡ Transition Efficiency Latin clubs (Palmeiras, Fluminense, Pachuca) launched more counters without leaking xG. Europe’s giants (Bayern, PSG) played it safer: fewer counters, tighter control. The data shows a clear contrast in risk vs reward between continents. https://t.co/B1sgWxGp5v",https://x.com/webuildscore/status/1942893087275069750,75,0,7,0,0,0,1,0,0,0,1,0,0
1942893084469256440,"Wed, Jul 9, 2025","🇪🇺 Europe: ▪️ 4-3-3 / 4-2-3-1 ▪️ Possession prioritised. ▪️ Pre-set presses to contain 🇧🇷🇦🇷 South America: ▪️ Mid-block, then explode ▪️ Full-back overlaps ▪️ Long diagonals → shots in &lt;10s Two continents, two distinct tactical DNAs.",https://x.com/webuildscore/status/1942893084469256440,24,0,1,0,0,0,1,0,0,0,0,0,0
1942893082514763847,"Wed, Jul 9, 2025",Why analysts love this tournament: Never before have elite clubs from every confederation laid their styles on a single data table. The group stage became a living test of tactics.,https://x.com/webuildscore/status/1942893082514763847,26,0,1,0,0,0,1,0,0,0,0,0,0
1942893080622809160,"Wed, Jul 9, 2025","Expectation: Europe waltzes through on star power. Reality: Europe advanced the most teams, yes, but Latin America stole headlines with cohesion, transition speed, and budget-defying efficiency.",https://x.com/webuildscore/status/1942893080622809160,26,0,1,0,0,0,1,0,0,0,0,0,0
1942893077771010061,"Wed, Jul 9, 2025",Club World Cup: A Tactical Reality Check 🌍 The revamped FIFA Club World Cup just gave us something unprecedented: 32 continental participants. 6 confederations. One massive tactical experiment. 1/12🧵 https://t.co/HSdO25Srwj,https://x.com/webuildscore/status/1942893077771010061,682,14,23,0,0,0,1,0,1,6,0,0,0
1942628496355811478,"Tue, Jul 8, 2025","Club World Cup: Chelsea vs Fluminense Fluminense are making the most of their chances in open play, while Chelsea are clinical on the break, scoring 5 goals from 9 counter-attacks. Who’s making it to the final? 🏆 https://t.co/rSFdVjdJYZ",https://x.com/webuildscore/status/1942628496355811478,3269,24,225,3,0,2,0,3,34,28,0,0,0
1942576906043351085,"Tue, Jul 8, 2025","Ligue 1’s top goalkeepers this season 🧤 Yehvann Diouf made the biggest impact, conceding 14.6 goals fewer than expected (xGOT: 61.6, goals conceded: 47). Fofana and Leon also performed well, each preventing over 10 goals based on the xGOT. 🔽 https://t.co/RIeV0jr8Jg",https://x.com/webuildscore/status/1942576906043351085,701,15,49,1,0,0,0,2,7,8,0,0,0
1942516691767869634,"Tue, Jul 8, 2025","Transforming Data into Insight: Introducing Ishdeep Chadha — Score’s Data Engineer We’re delighted to formally introduce Ishdeep (@chadha_ishdeep), whose dual talent for large-scale data engineering and eye-catching football visuals bridges Score’s internal data workflows with https://t.co/fU0asQekdW",https://x.com/webuildscore/status/1942516691767869634,3256,26,114,0,0,0,1,1,25,52,0,0,0
1942290448791306290,"Mon, Jul 7, 2025","Viktor Gyokeres to Arsenal? 👀 The Swedish striker had far better goal-scoring numbers than any of Arsenal’s current options. A true no.9, unlike the false 9s Arteta usually prefers. Could this mean a shift in Arsenal’s attacking style next season? https://t.co/YHTShMAcRw",https://x.com/webuildscore/status/1942290448791306290,1040,21,64,0,0,0,1,2,4,14,0,0,0
1942217883448488205,"Mon, Jul 7, 2025",Club World Cup: Bayern vs PSG Sacha Boey and Nuno Mendes both won 13 duels - the highest for their teams. A tough battle on the wings from start to finish. Who impressed you the most? 🔽 https://t.co/RZP03ylea0,https://x.com/webuildscore/status/1942217883448488205,902,11,35,1,1,0,0,0,2,8,0,0,0
1941898176941724005,"Sun, Jul 6, 2025",We also published a new blog post on the Club World Cup. We break down the tactical styles of teams from different continents and how they compare on the global stage. https://t.co/g3mdiyCECk,https://x.com/webuildscore/status/1941898176941724005,646,0,2,0,0,0,0,0,2,0,0,0,0
1941898174764847476,"Sun, Jul 6, 2025","We introduced another team member this week - Mikhaël Brazier, our subnet engineer. https://t.co/pkDdMO6vLD",https://x.com/webuildscore/status/1941898174764847476,961,0,2,0,0,0,1,0,1,0,0,0,0
1941898172533444948,"Sun, Jul 6, 2025","Episode 2 of the Score Podcast is out! This time, @WSquires (CEO of @MacrocosmosAI), Score CEO @mxmsbt, and our football advisor Brian McDermott sat down to talk all things Bittensor. https://t.co/WE6CGDdOI7",https://x.com/webuildscore/status/1941898172533444948,111,1,2,0,0,0,1,0,0,0,0,0,0
1941898169861705792,"Sun, Jul 6, 2025","Score Weekly Roundup A new podcast episode, team updates, and a new blog post. Here’s everything that happened this week at Score 🔽 1/4 🧵 https://t.co/ks77IJafwv",https://x.com/webuildscore/status/1941898169861705792,1077,10,40,0,0,0,1,0,5,21,0,0,0
1941837032038228205,"Sun, Jul 6, 2025","Community Scout - Richard Rios 🇨🇴 One of the best midfielders at the Club World Cup, with standout numbers in tackles, interceptions, and ball recoveries. His performances haven’t gone unnoticed, with clubs like Inter and West Ham already showing interest. Next stop: Europe? https://t.co/GYzROLv6pL",https://x.com/webuildscore/status/1941837032038228205,2148,18,60,2,0,0,0,1,3,11,2,0,0
1941573077802025471,"Sat, Jul 5, 2025","What will Bittensor look like in a year? In the latest Score podcast, @mxmsbt shares what Bittensor could look like in a year, from subnets becoming products to a future of collaboration and competition between them. Full episode 🔽 https://t.co/zxX19wp52w https://t.co/hv5mjyerqJ",https://x.com/webuildscore/status/1941573077802025471,793,25,101,1,0,2,0,3,8,23,20,0,0
1941482201461485792,"Sat, Jul 5, 2025","Guess the player 🤔 One of the best players in Europe this season. Fast, skillful, and dangerous with both feet. You never know what he’ll do next. Let’s see who gets it right 🔽 https://t.co/Ux527LXJ6A",https://x.com/webuildscore/status/1941482201461485792,1471,15,77,0,0,0,5,1,8,34,0,0,0
1941194258804814074,"Fri, Jul 4, 2025","Club World Cup: Al-Hilal vs Fluminense Ruben Neves, Salem Al-Dawsari, and Milinković-Savić are leading the way for Al-Hilal, creating chances through passes and carries. For Fluminense, Jhon Arias is the main playmaker, with Gabriel Fuentes helping out on the left side. Who https://t.co/E2oXIPIq7M",https://x.com/webuildscore/status/1941194258804814074,1117,7,39,0,1,0,0,0,3,9,0,0,0
1941089664128950366,"Fri, Jul 4, 2025","From Miner to Builder: Introducing Mikhaël Brazier — Score’s Subnet Engineer We’re excited to formally introduce Mikhaël, our dedicated Subnet Engineer. Since joining Score in February, he has overseen every aspect of our subnet, from upkeep to performance optimisation. But https://t.co/yY1qfjkrLw",https://x.com/webuildscore/status/1941089664128950366,3225,38,129,3,0,0,1,0,1,80,0,0,0
1940807935682363423,"Thu, Jul 3, 2025","A truly heartbreaking day in football, rest in peace Diogo Jota and André Silva. 💔 https://t.co/GOrxDQzY8a",https://x.com/webuildscore/status/1940807935682363423,2348,13,108,0,0,0,0,0,9,36,0,0,0
1940801684349010403,"Thu, Jul 3, 2025",@benwhyzee @lilly_douse @MacrocosmosAI @WSquires @mxmsbt @VictusGlobal_ Hi Ben 🤝 We are already talking on Telegram.,https://x.com/webuildscore/status/1940801684349010403,35,1,2,0,0,0,0,0,0,1,0,0,0
1940705173611085965,"Thu, Jul 3, 2025","Club World Cup: A Tactical Reality Check 🌍 Europe was expected to win easily, but South American teams proved to be much stronger than many thought. What does it say about global football's power balance? Read more ⬇️",https://x.com/webuildscore/status/1940705173611085965,1060,20,33,0,0,0,0,1,1,11,0,0,0
1940705087665418267,"Thu, Jul 3, 2025",https://t.co/LOH5Lhxeec,https://x.com/webuildscore/status/1940705087665418267,2912,6,29,1,0,0,0,1,2,20,0,0,0
1940442485408555420,"Wed, Jul 2, 2025","The Score Podcast Episode 2 is out! 🎙️ This time, our host @lilly_douse chats with @MacrocosmosAI CEO @WSquires and @mxmsbt, diving deep into Bittensor - discussing the value it brings to the world and why they chose to build on it. Full episode 🔽 https://t.co/aQbGv2rJ18 https://t.co/62KKkQHTfq",https://x.com/webuildscore/status/1940442485408555420,9081,75,402,16,0,6,2,12,49,114,64,0,0
1940389013199970636,"Wed, Jul 2, 2025","Miss of the Week! Haaland had a 0.91 xG tap-in, but somehow an Al-Hilal defender cleared it off the line at the very last second. What’s your first thought if you're Guardiola watching this miss? 🫣 https://t.co/6dqzP9ICyy",https://x.com/webuildscore/status/1940389013199970636,1677,11,30,0,0,0,0,0,2,11,0,0,0
1940108143217754389,"Tue, Jul 1, 2025","Club World Cup: Real Madrid vs Juventus Arda Güler will look to control the game from central areas, keeping Madrid moving. Cambiaso brings energy on the flank, pressing high and breaking up plays before they develop. Who’s going to make a bigger difference today? 👀 https://t.co/TcKVUKpAoq",https://x.com/webuildscore/status/1940108143217754389,1409,16,54,1,0,0,1,2,7,14,0,0,0
1940075683234849057,"Tue, Jul 1, 2025","What role can AI play in modern scouting? On the Score Podcast, our Football Advisor Brian McDermott – former Premier League manager and Arsenal player – shares why it’s not about data vs scouting, but about connection, communication, and combining both to find real value. Full https://t.co/awi5NIYJhd",https://x.com/webuildscore/status/1940075683234849057,596,11,43,1,1,0,0,2,2,21,1,0,0
1940018262042918965,"Tue, Jul 1, 2025","Manchester City - Al-Hilal MVP 🏅 Rúben Neves was City’s MVP, completing 42/50 passes and making 5 key passes - 3 of which led to assists. He controlled the transitions from midfield to attack and was behind almost every big chance. Who was Al-Hilal’s MVP in your opinion? https://t.co/qTW7yukGYD",https://x.com/webuildscore/status/1940018262042918965,1380,15,51,0,1,0,0,2,7,12,0,0,0
1939738760456937808,"Mon, Jun 30, 2025","Joan Garcia joins Barça ✅ Faced 58.7 xGOT last season but conceded just 51 goals - outperforming expectations with key saves all over the box. Shot-stopping, penalty saves, and consistency under pressure. Barcelona just upgraded their last line of defence 🧱 https://t.co/maSRK2LkNf",https://x.com/webuildscore/status/1939738760456937808,1007,15,31,0,0,0,0,1,2,9,0,0,0
1939639617172689368,"Mon, Jun 30, 2025","Top xG overachievers at the Club World Cup 💥 Wessam Abou Ali tops the list with 4 goals from just 1.12 xG - a difference of nearly 3 goals. Kenan Yildiz and Michael Olise weren’t far behind, each scoring 3 from under 1 xG. Pure skill or just luck? https://t.co/HKFmVJYBN0",https://x.com/webuildscore/status/1939639617172689368,987,13,22,0,0,0,0,1,0,3,0,0,0
1939372017746051555,"Sun, Jun 29, 2025","Score SN44 is now ranked as the #8 largest subnet and #1 in mindshare %, according to SwordScan. https://t.co/FGc2wIERfh",https://x.com/webuildscore/status/1939372017746051555,1244,11,29,0,0,0,3,1,1,12,1,0,0
1939372015557005702,"Sun, Jun 29, 2025",Our CEO @mxmsbt joined @Scobleizer on his latest podcast to talk about Score and how we're using AI to reshape the future of sports. https://t.co/kkbfD8psBK,https://x.com/webuildscore/status/1939372015557005702,818,8,18,1,0,0,1,0,5,4,0,0,0
1939372013308805229,"Sun, Jun 29, 2025","We’ve welcomed three new Score interns to the team: Geoffrey, Ned, and Chris. https://t.co/IJFKwA2kZV",https://x.com/webuildscore/status/1939372013308805229,107,3,6,0,0,0,1,0,0,2,0,0,0
1939372010276110475,"Sun, Jun 29, 2025","Score Weekly Roundup - 23.06 - 29.06 New podcast, team updates &amp; SN44 growth. Here’s a quick recap of what happened this week at Score ⤵️ 1/4 🧵 https://t.co/IWtRjwTDMZ",https://x.com/webuildscore/status/1939372010276110475,1778,22,89,0,0,0,1,3,7,46,0,0,0
1939332096243188140,"Sun, Jun 29, 2025","Could AI help prevent injuries before they happen? 👀 On the latest podcast with @Scobleizer, @mxmsbt explains how the Score system could detect injury risks - using movement data to flag warning signs early. Full episode 🔽 https://t.co/wILJVtkhXO",https://x.com/webuildscore/status/1939332096243188140,2018,41,95,2,0,2,2,4,3,34,0,0,0
1939036136040452501,"Sat, Jun 28, 2025",Who should we scout next? 👀,https://x.com/webuildscore/status/1939036136040452501,1562,17,38,0,0,0,2,1,1,17,0,0,0
1938937930694758695,"Sat, Jun 28, 2025",Club World Cup: Benfica vs Chelsea Benfica create frequent danger from central areas with high-quality chances inside the box. Chelsea rely on a wider buildup but struggle to match Benfica’s threat near goal. Who will secure a place in the quarter-finals after this one? 🎯 https://t.co/akWjpQ4RaW,https://x.com/webuildscore/status/1938937930694758695,1208,13,59,1,0,0,0,3,5,12,0,0,0
1938659030618063179,"Fri, Jun 27, 2025","Packing shifts the spotlight from possession to penetration, rewarding ambition that bends defensive geometry. Read the full breakdown here: https://t.co/X7ITfOHi9o",https://x.com/webuildscore/status/1938659030618063179,578,1,2,0,0,0,0,0,1,0,0,0,0
1938659028881568214,"Fri, Jun 27, 2025","Limitations • Treats every bypassed player equally • Ignores off-ball decoys • Doesn’t grade what happens next Always layer with xG, xT, xA &amp; retention for the full picture.",https://x.com/webuildscore/status/1938659028881568214,397,1,2,0,0,0,1,0,0,0,0,0,0
1938659027065741669,"Fri, Jun 27, 2025","Packing maps Heatmaps show where you pierce lines. If 70% comes down one flank, train the other side or recruit a complementary threat. Data analysis turns “they hurt us” into where and how.",https://x.com/webuildscore/status/1938659027065741669,22,0,1,0,0,0,1,0,0,0,0,0,0
1938659025123525019,"Fri, Jun 27, 2025","Analysing packing from a team lens: High packing + low xG → shape broken, final ball blunt: drill timing or sign a creative #10. Low packing + high xG → shows reliance on direct counters: tighten defensive balance.",https://x.com/webuildscore/status/1938659025123525019,36,0,1,0,0,0,1,0,0,0,0,0,0
1938659023219196322,"Fri, Jun 27, 2025","How can a coach use Packing? A pass-vs-carry chart tells you who to close: • Shut lanes vs passers (Gakpo, Williams). • Crowd corridors vs dribblers (Musiala, Dembélé). • Yamal? Needs full-back help and blocked lanes.",https://x.com/webuildscore/status/1938659023219196322,30,0,1,0,0,0,1,0,0,0,0,0,0
1938659021390782904,"Fri, Jun 27, 2025",Player spotlights • Dembélé &amp; Musiala glide past markers in bursts. • Cody Gakpo slices lines early with crisp passes. • Nico Williams blends quick shifts &amp; smart balls to unlock blocks.,https://x.com/webuildscore/status/1938659021390782904,115,0,1,0,0,0,1,0,0,0,0,0,0
1938659017976390014,"Fri, Jun 27, 2025","Passers vs Carriers scatter 🔹 Metronomes (low-low) 🔸 Line-breaking passers (high P, low D) 🔺 Slaloming dribblers (low P, high D) ⭐️ Dual threats (high-high) https://t.co/R7105hLL5O",https://x.com/webuildscore/status/1938659017976390014,27,0,2,0,0,0,1,0,0,0,1,0,0
1938659014146932877,"Fri, Jun 27, 2025","Packing shreds the shape, but the final ball dictates the outcome. - Spain’s high packing → high xG - Serbia’s high packing → low xG. Breaking lines is step 1 - step 2 is a pinpoint delivery. No killer pass, no chance. https://t.co/btQrkHxrdu",https://x.com/webuildscore/status/1938659014146932877,34,0,1,0,0,0,1,0,0,0,0,0,0
1938659009952653461,"Fri, Jun 27, 2025","EURO 2024 case study 🇪🇸 16-year-old Lamine Yamal’s diagonals routinely packed 2-3 defenders. Spain led the tournament in both packing rate &amp; xG, showing that line-breaking feeds chance-making. https://t.co/bS3Dey4n1u",https://x.com/webuildscore/status/1938659009952653461,62,0,2,0,0,0,1,0,0,0,0,0,0
1938659006194553257,"Fri, Jun 27, 2025",Picture one vertical pass that cuts through five lines and instantly flips the field. Packing quantifies that sword-through-butter moment. https://t.co/5hisH93RZ3,https://x.com/webuildscore/status/1938659006194553257,31,0,3,0,0,0,1,0,0,0,1,0,0
1938659003631870142,"Fri, Jun 27, 2025","Packing isn’t about risk, it’s about impact. High pass accuracy can be safe; high packing rate is progressive, breaking shape &amp; creating chaos that leads to chances.",https://x.com/webuildscore/status/1938659003631870142,21,0,1,0,0,0,1,0,0,0,0,0,0
1938659001815691462,"Fri, Jun 27, 2025","Packing Rate = Opponents Bypassed ÷ Completed Actions. Two types: • Passing Packing Rate • Dribbling Packing Rate Some models weight CBs &gt; strikers, as splitting a low block is harder than beating a front press.",https://x.com/webuildscore/status/1938659001815691462,31,0,2,0,0,0,1,0,1,0,0,0,0
1938658999907557686,"Fri, Jun 27, 2025",What is Packing? A completed action “packs” every defender it bypasses. A laser pass that beats 5 players? Packing = 5. Higher totals = a defence torn open.,https://x.com/webuildscore/status/1938658999907557686,43,0,2,0,0,0,1,0,0,1,0,0,0
1938658996610539621,"Fri, Jun 27, 2025","Winning Metrics: Packing Rate How many opponents does a pass or carry leave behind? That’s what Packing Rate measures - highlighting progression, tempo, and decision-making over simple possession stats. Here’s what it is, why it matters, and how coaches use it 🔽 1/14 🧵 https://t.co/pvprtRTUVY",https://x.com/webuildscore/status/1938658996610539621,732,16,39,0,0,0,1,2,3,14,1,0,0
1938590642126406027,"Fri, Jun 27, 2025","Guess the player 👀 One of the best playmakers in the Bundesliga this season. Sharp passes, smart decisions, and always involved in key moments around the box. Hint: Bayern Munich https://t.co/x6AaPjeihB",https://x.com/webuildscore/status/1938590642126406027,814,17,46,0,0,0,3,1,1,17,0,0,0
1938307086581989738,"Thu, Jun 26, 2025","From Midtjylland’s data-revolution to Score’s real-time AI pipeline, we’re entering a new era—tracking every move, valuing every action, and revealing the beautiful game in ways we’ve never seen. Football intelligence, redefined. Read the full story: https://t.co/e9NrQdd2dg",https://x.com/webuildscore/status/1938307086581989738,783,2,6,0,0,0,1,1,1,1,0,0,0
1938307084765819382,"Thu, Jun 26, 2025","By using Score, FCM could level up with live AI-powered match intel. From any footage: full tracking, off-ball metrics &amp; FVF scores—giving coaches, scouts &amp; sports scientists instant insights for tactics, scouting &amp; injury prevention.",https://x.com/webuildscore/status/1938307084765819382,401,2,3,0,0,0,1,0,0,0,0,0,0
1938307082966438256,"Thu, Jun 26, 2025","On top of raw tracking, Score’s proprietary Football Value Function continuously scores every action (passes, runs, presses, interceptions) by its impact on win probability. You see live player impact, not just goals and assists, but how each move tilts the game in your favor.",https://x.com/webuildscore/status/1938307082966438256,37,2,5,0,0,0,1,0,1,1,0,0,0
1938307081347461444,"Thu, Jun 26, 2025","With live tracking &amp; alerts, clubs like FCM can: ✅ Adjust tactics mid-game when pressing drops or patterns emerge ✅Manage player load with real-time sprint &amp; distance data ✅ Scout hidden talent across 280+ leagues",https://x.com/webuildscore/status/1938307081347461444,49,2,3,0,0,0,1,0,0,0,0,0,0
1938307079653011931,"Thu, Jun 26, 2025","From Champions League finals to grainy lower-league streams, Score’s distributed CV pipeline extracts full player and ball trajectories from any footage. It unlocks off-ball metrics (e.g. pressing heatmaps, sprint bursts, spatial-IQ overlays) that event tagging misses.",https://x.com/webuildscore/status/1938307079653011931,76,2,3,0,0,0,1,0,0,0,0,0,0
1938307077924962343,"Thu, Jun 26, 2025","FC Midtjylland built an edge by dissecting post-match data. Score flips this: its computer-vision framework annotates footage at scale, turning every minute into live data—so coaches &amp; analysts get instant, actionable feedback instead of waiting for a report.",https://x.com/webuildscore/status/1938307077924962343,143,2,3,0,0,0,1,0,0,0,0,0,0
1938307074909475120,"Thu, Jun 26, 2025",The data-driven approach delivered silverware: 🏆 3x Danish Superliga Champions 🏆 2x Danish Cups ⚽ First-ever Champions League Group Stage FCM proved that a disciplined analytical system could consistently outperform bigger budgets. But what's the next frontier? https://t.co/cWGP8UrMiS,https://x.com/webuildscore/status/1938307074909475120,52,2,4,0,0,0,1,0,0,0,0,0,0
1938307070035640586,"Thu, Jun 26, 2025","Their most famous ""cheat code""? Set-pieces. Through meticulous analysis and a 20-routine playbook, an incredible 49% of their goals in the 2019-20 season came from set-pieces. Long throws alone produced ~10 goals per season—a figure most clubs don't hit from corners. https://t.co/hl6GUCT3JW",https://x.com/webuildscore/status/1938307070035640586,40,2,3,0,0,0,1,0,0,0,0,0,0
1938307066080149925,"Thu, Jun 26, 2025","They started by rewiring recruitment. Scouts no longer led the search. Instead, every hunt began with a data query: age, position, injury history, wage ceiling. The result? A €92M financial swing, turning a €12M loss into an €80M surplus by finding undervalued gems.",https://x.com/webuildscore/status/1938307066080149925,44,2,3,0,0,0,1,0,0,0,0,0,0
1938307063547105746,"Thu, Jun 26, 2025","The year is 2014. FC Midtjylland (FCM) is facing financial collapse. In steps professional bettor Matthew Benham, armed with capital and a conviction: if data models can beat bookmakers, they can beat richer football clubs. The new mantra: judge the process, not the result. https://t.co/DPrfMPFsee",https://x.com/webuildscore/status/1938307063547105746,658,5,19,2,0,0,2,0,2,9,0,0,0
1938307059138626013,"Thu, Jun 26, 2025","How do you turn near-bankruptcy into Champions League regularity? Denmark’s FC Midtjylland didn’t just spend, they rebuilt around data. A thread on engineering a football dynasty and how Score can elevate their data-driven model to the next level. 🔽 1/11🧵 https://t.co/jQXgPrKoGB",https://x.com/webuildscore/status/1938307059138626013,873,28,54,0,0,0,1,3,0,20,0,0,0
1938221261093503487,"Thu, Jun 26, 2025","Real Madrid vs RB Salzburg Madrid create steady threat down the left and through the center, progressing well into key areas. Salzburg take a more balanced approach but struggle to generate danger near goal. Who claims the top spot in Group H after this one? https://t.co/33PLvYzqOA",https://x.com/webuildscore/status/1938221261093503487,862,14,35,0,1,0,0,1,6,7,0,0,0
1937950258622771565,"Wed, Jun 25, 2025",Nico Williams to Barcelona? 👀 One of La Liga’s most explosive wingers in 24/25 - only Yamal and Vinicius had more progressive carries + dribbles per 90. Nico averaged over 4.5 carries and nearly 3 dribbles each game. If Barça sign him… who’s stopping them next season? https://t.co/Ztgnxm7okj,https://x.com/webuildscore/status/1937950258622771565,1155,22,71,1,0,0,1,1,5,23,0,0,0
1937888494828802083,"Wed, Jun 25, 2025","Introducing the Interns Supporting Score’s Data &amp; Research Efforts Over the past few months, we’ve welcomed three exceptional interns who are already making an impact across ML simulations, betting models, and deep data science. Meet the next wave of talent helping us change how https://t.co/wY8rIQIkeV",https://x.com/webuildscore/status/1937888494828802083,939,26,71,1,0,0,1,1,1,32,0,0,0
1937580314634621332,"Tue, Jun 24, 2025","Community Scout – Kenan Yildiz At just 19, Yildiz is already one of the most promising young attackers in Serie A – 4th in progressive carries into the box and always looking to drive forward. Confident, direct, and not afraid to shoot. One to watch? 🧐 https://t.co/PIAVitvPLC",https://x.com/webuildscore/status/1937580314634621332,4953,22,143,1,0,0,2,4,19,52,1,0,0
1937541527841935533,"Tue, Jun 24, 2025","Shot of the Week 🎯 In the 89th minute, Pepê scored a crucial goal for Porto against Al Ahly. The shot had just 0.041 xG, but it was on target with power (0.299 xGOT) and ended up in the back of the net. Big moment at the end of a crazy 4–4 match. https://t.co/hV6tJrEU55",https://x.com/webuildscore/status/1937541527841935533,855,17,45,0,1,0,0,1,3,16,0,0,0
1937461872564883938,"Tue, Jun 24, 2025","Why do football managers need AI? On the first Score Podcast, our Football Advisor Brian McDermott - former Premier League manager and Arsenal player - shares how AI can support football managers in making smarter, faster decisions. Full episode 🔽 https://t.co/2oUYXkb2Jr https://t.co/3iv3djgnTu",https://x.com/webuildscore/status/1937461872564883938,1152,26,100,3,0,0,1,6,3,32,10,0,0
1937216591596519903,"Mon, Jun 23, 2025","Club World Cup: Atlético vs Botafogo Atlético defend in a compact, organized shape across the pitch, staying balanced without overcommitting. Botafogo sit deeper, with 30% of actions inside their box and nearly 3x more clearances. Whose defensive style wins out today? 🛡️ https://t.co/EBb9HZty2O",https://x.com/webuildscore/status/1937216591596519903,962,16,39,0,0,1,0,1,3,9,0,0,0
1937191022649311313,"Mon, Jun 23, 2025",This season’s La Liga top shot-stoppers 🧱 Joan Garcia leads La Liga with 7.7 goals prevented based on xGOT faced. Sergio Herrera (5.2) and Cillessen (4.3) also impressed between the posts. 🔽 https://t.co/yVxPWOG2r0,https://x.com/webuildscore/status/1937191022649311313,1027,14,38,2,0,0,0,0,3,15,0,0,0
1937110891289333972,"Mon, Jun 23, 2025","Bundesliga Champions 🏆 Bayern were among the most aggressive attacking sides of all Top 5 league champions - first in shots on target per 90 (12.94) and second in goals per 90 (2.91), just behind PSG (2.97). Constant pressure, constant threat. 🔽 https://t.co/HQskQ6yLry",https://x.com/webuildscore/status/1937110891289333972,867,9,39,1,0,0,0,0,2,14,0,0,0
1936775472114811125,"Sun, Jun 22, 2025","@webuildscore CEO @mxmsbt was featured in Forbes, where he explains what Score is and the problems we're solving. 🔽 https://t.co/58ZcVwkUGJ",https://x.com/webuildscore/status/1936775472114811125,993,4,20,1,0,0,0,1,8,6,1,0,0
1936775470152118510,"Sun, Jun 22, 2025","Score co-founder Nigel Grant is at the Club World Cup in Miami, connecting with key figures in the industry. https://t.co/LYr2JW9jyJ",https://x.com/webuildscore/status/1936775470152118510,1037,3,14,0,0,0,1,0,1,9,0,0,0
1936775467878744219,"Sun, Jun 22, 2025","The Score Podcast is here 🎙 Episode 1 is out now – we talk football, data, and what’s coming next for Score. https://t.co/1AURs6bYjR",https://x.com/webuildscore/status/1936775467878744219,110,3,7,0,0,0,1,0,0,1,2,0,0
1936775465815179634,"Sun, Jun 22, 2025",A new Winning Metrics article is out This edition breaks down Packing Rate ⤵️ https://t.co/X7ITfOHPYW,https://x.com/webuildscore/status/1936775465815179634,128,2,3,0,0,0,1,0,0,0,0,0,0
1936775463973593381,"Sun, Jun 22, 2025","Score Weekly Roundup Updates, valuable connections, and a new Score podcast. Here’s a quick recap of everything that happened this week ⤵️ 1/5 🧵",https://x.com/webuildscore/status/1936775463973593381,2559,34,103,2,0,1,2,5,12,49,0,0,0
1936718303017181603,"Sun, Jun 22, 2025",Who should be next on our watchlist? 🔽,https://x.com/webuildscore/status/1936718303017181603,1461,15,40,0,0,0,1,2,7,15,0,0,0
1936501882911965626,"Sat, Jun 21, 2025","The next Move 37 won’t come from a manager’s instinct - it’ll come from an AI insight no human could imagine. This is more than evolution. It’s a rewrite of how football is played, coached, and understood. 🧬 Read the full article here: https://t.co/s1qzQDtHag",https://x.com/webuildscore/status/1936501882911965626,707,5,10,0,0,0,0,1,0,1,3,0,0
1936501881242591309,"Sat, Jun 21, 2025","The real frontier is live open-play tactics. Coaches get AI-driven calls on who to press, when to shift formation, or the perfect moment to sub. Tactics become “software sliders” tuned to scoreline, fatigue, momentum - a living puzzle that rewrites itself every minute.",https://x.com/webuildscore/status/1936501881242591309,498,3,8,0,0,0,1,0,2,2,0,0,0
1936501879610941792,"Sat, Jun 21, 2025","Score’s loop: 1. Footage → Annotators → Structured data 2. Simulated matches generate initial tactics 3. Models refine by comparing simulation to real outcomes 4. Live insights delivered before, during, and after each game",https://x.com/webuildscore/status/1936501879610941792,62,2,3,0,0,0,1,0,0,0,0,0,0
1936501877744746896,"Sat, Jun 21, 2025","Score fixes that. It turns raw match footage into structured data by rewarding a global annotator network. Speed meets accuracy - and that data fuels AI models that learn, adapt, and predict.",https://x.com/webuildscore/status/1936501877744746896,82,2,3,0,0,0,1,0,0,0,0,0,0
1936501875953566134,"Sat, Jun 21, 2025","Old-school analysis relies on manual tagging. It’s slow, costly, and can’t scale. Without fast, structured data, football AI can’t evolve like AlphaGo did. The loop breaks before it starts.",https://x.com/webuildscore/status/1936501875953566134,63,2,3,0,0,0,1,0,0,0,0,0,0
1936501874133483620,"Sat, Jun 21, 2025","Now, football faces its Move 37 moment. With 22 players in motion and no set pattern, it’s one of the most complex games ever, and ripe for machine-led breakthroughs. AI sees patterns we never knew existed.",https://x.com/webuildscore/status/1936501874133483620,71,3,5,0,0,0,1,0,0,1,0,0,0
1936501871700578350,"Sat, Jun 21, 2025","In Game 2, AlphaGo dropped a stone on the rarely-used 4-4 point - Move 37. Pros called it a blunder. Minutes later, the tide turned. That alien move dismantled Sedol’s position. https://t.co/n26P6JJ703",https://x.com/webuildscore/status/1936501871700578350,82,2,5,0,0,0,1,0,0,1,0,0,0
1936501869180039305,"Sat, Jun 21, 2025","In 2016, DeepMind’s AlphaGo shocked the world by beating Go legend Lee Sedol 4–1. The surprise wasn’t the win, it was the style. AlphaGo played moves no human would dare, redefining creativity and decision-making.",https://x.com/webuildscore/status/1936501869180039305,76,2,4,0,0,0,1,0,0,1,0,0,0
1936501865216381369,"Sat, Jun 21, 2025","Go looks simple: place black or white stones to claim space on a 19×19 grid. But its possibilities outnumber atoms in the universe. For centuries, only humans grasped its depth - until AI shattered that monopoly. https://t.co/uRlvYyPkOX",https://x.com/webuildscore/status/1936501865216381369,77,2,6,0,0,0,1,0,0,1,0,0,0
1936501861215060147,"Sat, Jun 21, 2025","Bringing ‘Move 37’ to the Football Pitch ⚽ Imagine a single move so radical it rewrote 2,500 years of strategy. This is AI’s AlphaGo “Move 37” - a turning point that shows how machines are upending centuries of tactical tradition. 🔽 1/10 🧵 https://t.co/Zkj35KlUhf",https://x.com/webuildscore/status/1936501861215060147,1894,35,115,4,1,0,1,5,5,44,0,0,0
1936324522283876828,"Sat, Jun 21, 2025","Winning Metrics #06: Packing Rate Packing rate tracks how many defenders a player bypasses with a pass or carry - a window into progression, tempo, and decision-making. We break down why it matters and how AI helps measure the unseen. Read more 🔽",https://x.com/webuildscore/status/1936324522283876828,1769,27,49,1,0,0,1,4,6,11,0,0,0
1936324434798768387,"Sat, Jun 21, 2025",https://t.co/toKn4jicUU,https://x.com/webuildscore/status/1936324434798768387,3415,13,61,4,0,0,0,0,4,44,0,0,0
1936165536079261999,"Fri, Jun 20, 2025",@mamuteporpeta ❌,https://x.com/webuildscore/status/1936165536079261999,128,0,4,0,0,0,0,0,0,4,0,0,0
1936165483176239453,"Fri, Jun 20, 2025",@tomy_ygo ❌,https://x.com/webuildscore/status/1936165483176239453,22,0,0,0,0,0,0,0,0,0,0,0,0
1936114324533092798,"Fri, Jun 20, 2025","Club World Cup: Flamengo vs Chelsea Chelsea attacks mostly down the right, mixing passes and carries to progress. Flamengo plays through the middle and right, building with short, patient passing. Who ends the day on top of Group D? 🏅 https://t.co/TrjkdDBrgs",https://x.com/webuildscore/status/1936114324533092798,889,15,54,0,1,0,0,2,3,15,0,0,0
1936085760492347464,"Fri, Jun 20, 2025","Alexander Isak to Liverpool? 👀 44 goals in 64 league games across the last two seasons - averaging 0.68 goals per match. With 3.1 shots per 90 and strong xG in 2024–25, he's a constant threat. Would Isak be a good fit for Liverpool’s front line? 🔴 https://t.co/rWaWabirUE",https://x.com/webuildscore/status/1936085760492347464,2050,21,91,1,0,0,3,1,5,29,1,0,0
1936010032254271885,"Fri, Jun 20, 2025",Guess the player 🤔 One of the best playmakers in Europe this season. Always looking to pass forward and create chances - 3rd in the league for final third passes and 4th for assists. Assists - 🔵 Key Passes - 🔴 Hint: 🇵🇹 https://t.co/mH7lirx5NL,https://x.com/webuildscore/status/1936010032254271885,1037,23,75,1,0,0,4,2,4,32,0,0,0
1935757634402951456,"Thu, Jun 19, 2025",Data Dynasties #01: FC Midtjylland FC Midtjylland went from almost bankrupt to playing in the Champions League - all thanks to data. We break down how analytics turned a Danish underdog into one of Europe’s top clubs. Read more 🔽,https://x.com/webuildscore/status/1935757634402951456,1388,17,39,0,0,0,2,2,3,15,0,0,0
1935757538823487527,"Thu, Jun 19, 2025",https://t.co/u1fB4hoIjW,https://x.com/webuildscore/status/1935757538823487527,3828,21,104,3,0,0,0,5,3,73,2,0,0
1935723496664879566,"Thu, Jun 19, 2025","Teams with most chances created per 90 🔝 PSG lead the way with 4.21 chances per 90, followed by Bayern (3.71) and Barcelona (3.35), with Liverpool (3.00) and Real Madrid (2.68) completing the list. But it's not just about volume - Barcelona convert their chances at the highest https://t.co/CZuZN9aXil",https://x.com/webuildscore/status/1935723496664879566,593,6,27,0,0,0,0,1,0,12,1,0,0
1935712671124672841,"Thu, Jun 19, 2025","@mamuteporpeta We don’t have a Palmeiras vs Al Ahly analysis, but we’ll be posting a Flamengo vs Chelsea breakdown tomorrow 🔍",https://x.com/webuildscore/status/1935712671124672841,169,1,3,0,0,0,0,0,0,2,0,0,0
1935653595653046757,"Thu, Jun 19, 2025","PPDA crystallizes how teams behave without the ball- defining identity, shaping tactics, linking defence to attack. Read the full article here: https://t.co/a6KWKXM3Vc",https://x.com/webuildscore/status/1935653595653046757,534,1,3,0,0,0,0,0,1,1,0,0,0
1935653593836552198,"Thu, Jun 19, 2025","Pairing Metrics For comprehensive tactical defensive insight, combine PPDA with: • Opponent xG • Final-third possession regain • Pressure efficiency This paints both volume and quality of pressing.",https://x.com/webuildscore/status/1935653593836552198,367,1,3,0,0,0,1,0,0,1,0,0,0
1935653591978578317,"Thu, Jun 19, 2025","Limitations of PPDA • Counts actions, not success • Ignores off-ball pressure and forced errors • Omits transition defence / counter-press quality • Volume stat; low PPDA doesn’t guarantee coordination",https://x.com/webuildscore/status/1935653591978578317,12,0,1,0,0,0,1,0,0,0,0,0,0
1935653589122253187,"Thu, Jun 19, 2025","Press Hunters Top 12 players leading defensive actions in the final 60% includes today’s rising superstars like Lamine Yamal, Florian Wirtz, Michael Olise, revealing the importance of off the ball participation in modern football. These attackers spark presses, turning defence https://t.co/Jl2XJicbJQ",https://x.com/webuildscore/status/1935653589122253187,108,0,3,0,0,0,1,0,0,0,0,0,0
1935653585150423066,"Thu, Jun 19, 2025",Wide vs. Central Press • Monaco &amp; PSG: Low PPDA + High width — wing traps collapsing inside. • Monza &amp; Heidenheim: Low PPDA + Narrow width — central corridors choked. Adjust your game-plan: swift switches vs. patient wing play. https://t.co/jorHSdc3vJ,https://x.com/webuildscore/status/1935653585150423066,61,0,2,0,0,0,1,0,0,0,1,0,0
1935653582474211549,"Thu, Jun 19, 2025","Tactical Insights • In-match: A drop in PPDA signals a shift to more aggressive pressing. • Seasonal: Trends reflect a coach’s philosophy. • Pair PPDA with activation maps (e.g., width) to see where a team presses.",https://x.com/webuildscore/status/1935653582474211549,27,0,1,0,0,0,1,0,0,0,0,0,0
1935653580226044229,"Thu, Jun 19, 2025","Methodical Build-Up City’s profile (low PPDA, medium xT) proves patient possession can still generate chance creation.",https://x.com/webuildscore/status/1935653580226044229,24,0,1,0,0,0,1,0,0,0,0,0,0
1935653577562657055,"Thu, Jun 19, 2025","From Press to Threat An effective press fuels xThreat: the likelihood a sequence leads to a goal. PSG’s high-press (low PPDA, high xT) shows turnovers create instant danger. But intensity alone isn’t enough. Structure and clean transitions matter. https://t.co/Lwwk2mukvn",https://x.com/webuildscore/status/1935653577562657055,35,0,4,0,0,0,1,0,0,1,0,0,0
1935653575004172534,"Thu, Jun 19, 2025","Manchester City • Very high PPDA (rare pressing) • Still concede some of the highest xG/shot. City dominate possession, limiting shots faced. But when they lose the ball, it’s often in advanced areas - exposing them to counters and high-quality chances.",https://x.com/webuildscore/status/1935653575004172534,23,0,1,0,0,0,1,0,0,0,0,0,0
1935653573326426433,"Thu, Jun 19, 2025",Torino &amp; Napoli • Higher PPDA (fewer defensive actions) • Concede lower-quality chances Shape &amp; discipline can outperform aggression in limiting danger.,https://x.com/webuildscore/status/1935653573326426433,41,0,1,0,0,0,1,0,0,0,0,0,0
1935653570285634003,"Thu, Jun 19, 2025",Let’s look at an example and see how PPDA informs: De Zerbi’s Marseille (’24/25) • One of Europe’s lowest PPDA figures • Allowed almost zero oppositional build-up play • Trade-off: conceded higher-quality xG/shot Pressing intensity ≠ perfect defence—it can open tactical https://t.co/ba2Qp4gwTh,https://x.com/webuildscore/status/1935653570285634003,54,0,4,0,0,0,1,0,0,1,0,0,0
1935653567236599945,"Thu, Jun 19, 2025","Why PPDA matters By quantifying pressing, PPDA reveals a team’s defensive identity. • Ultra-aggressive presses stifle opponent build-up but can concede high-quality chances. • Deeper blocks limit chance quality but invite more passes.",https://x.com/webuildscore/status/1935653567236599945,29,0,1,0,0,0,1,0,0,0,0,0,0
1935653565248294918,"Thu, Jun 19, 2025","What is PPDA? PPDA measures how many passes a team allows in its defensive/middle thirds for each defensive action (tackle, interception, pressure, foul). • Low PPDA = aggressive high press • High PPDA = deeper, conservative block",https://x.com/webuildscore/status/1935653565248294918,32,0,1,1,0,0,1,0,0,0,0,0,0
1935653561813406193,"Thu, Jun 19, 2025","Winning Metrics #05: PPDA In the latest edition of Winning Metrics, we break down PPDA - football’s go-to stat for pressing intensity. PPDA reveals how teams press, shapes tactical identity, and helps coaches build game-plans. 🔽 1/14 🧵 https://t.co/uuPYabMPUs",https://x.com/webuildscore/status/1935653561813406193,912,16,32,1,0,0,1,3,2,10,0,0,0
1935421465593008240,"Wed, Jun 18, 2025","Football isn’t just what we build for - it’s what we live. 🏟️ Score co-founder Nigel Grant is at the Club World Cup in Miami, watching Real Madrid vs Al-Hilal and connecting with key figures in the industry. As we build the football vision layer, staying close to the pitch and https://t.co/R7uAu66Zgl",https://x.com/webuildscore/status/1935421465593008240,5333,58,356,2,1,1,1,6,23,110,0,0,0
1935399745549131947,"Wed, Jun 18, 2025","Club World Cup: Al-Hilal vs Real Madrid Milinković-Savić wins the ball higher up the pitch and offers more goal threat, while Bellingham creates more chances, wins more duels, and keeps the ball moving with better passing. Which profile will prove more decisive today? 🥇 https://t.co/aBfKxDuk90",https://x.com/webuildscore/status/1935399745549131947,653,6,27,0,0,0,0,1,3,11,0,0,0
1935364173376139555,"Wed, Jun 18, 2025","“We’re going to find the next Ronaldo.” In the first episode of the Score podcast, our CEO @mxmsbt breaks down how we’re making scouting more efficient - and why our tools can give talented players a real shot at being seen. Full episode 🔽 https://t.co/z50pIxzSgc https://t.co/dSHfWFBTif",https://x.com/webuildscore/status/1935364173376139555,2672,54,177,4,0,1,0,9,13,51,21,0,0
1935321918694989828,"Wed, Jun 18, 2025","Miss of the Week! 😬 Right before halftime against Porto, Palmeiras somehow failed to convert three massive chances - all inside the box. Three chances, zero goals, and one big headache. 🔽 https://t.co/upPgbQktHd",https://x.com/webuildscore/status/1935321918694989828,866,17,53,0,0,0,1,2,5,22,0,0,0
1934982927693299752,"Tue, Jun 17, 2025","The Score Podcast is here! 🎙️ In Episode 1 of the Score Podcast, our host @lilly_douse sits down with @mxmsbt, Tim, Peter, and Brian to break down what Score is all about - from the vision behind it to what’s coming next. Full episode 🔽 https://t.co/2oUYXkbAyZ https://t.co/60Fp2ZQrt1",https://x.com/webuildscore/status/1934982927693299752,3113,76,332,22,1,1,4,17,44,104,55,0,0
1934940780746965214,"Tue, Jun 17, 2025","Community Scout - Carlos Baleba 🔍 At just 21, Baleba is already one of the top CDMs in the Premier League - 2nd in key passes and 5th in defensive actions. A complete profile built on energy, vision, and defensive presence. Big future ahead? https://t.co/H132TTmvx9",https://x.com/webuildscore/status/1934940780746965214,2753,24,69,2,0,0,0,1,5,27,0,0,0
1934677960541274440,"Mon, Jun 16, 2025","Club World Cup: Chelsea vs LAFC Chelsea’s threat comes from all directions - Palmer, Enzo, and Madueke lead a well-balanced mix of carries and sharp passes. LAFC rely heavily on Bouanga, with little support from deeper areas. Who wins the Group D opener? 👀 https://t.co/81ZcX8gweJ",https://x.com/webuildscore/status/1934677960541274440,863,10,43,0,0,0,1,1,1,12,1,0,0
1934642664995193071,"Mon, Jun 16, 2025",This season’s top xA underachievers ❌ Mbappé leads the list with a staggering 5.3-assist gap between his expected assists (8.3) and actual assists. Kubo and Teze ended the season with zero assists despite solid chance creation. Great passing - let down by finishing. 😬 https://t.co/0McdIBTS7z,https://x.com/webuildscore/status/1934642664995193071,2908,20,103,0,0,0,1,1,5,35,0,0,0
1934594762058633725,"Mon, Jun 16, 2025","The Most Defensive Champions 🛡️ Napoli were the most defensive team among all Top 5 league winners - the only champion with under 2 goals and fewer than 10 chances created per game. Their compact style paid off: just 1.4 goals conceded per 90, second only to PSG (1.26). 🔽 https://t.co/oAPyvMqyLv",https://x.com/webuildscore/status/1934594762058633725,627,9,41,0,0,0,2,1,3,16,0,0,0
1934278602880667809,"Sun, Jun 15, 2025","Club World Cup: PSG vs Atlético Madrid Atlético’s pass flow is left-heavy and direct, focusing on central buildup before going wide. PSG are more balanced, building deeper and progressing through midfield with control. Who gets the 3 points today? 🎯 https://t.co/fyDptbi83t",https://x.com/webuildscore/status/1934278602880667809,795,10,36,0,0,0,0,0,3,16,0,0,0
1934207137313419371,"Sun, Jun 15, 2025",Winning Metrics #05: PPDA Passes Per Defensive Action (PPDA) is the stat behind pressing intensity and a key to modern football tactics. We break down what it reveals and how AI helps measure the unseen. Read more 🔽,https://x.com/webuildscore/status/1934207137313419371,1280,20,30,1,0,0,0,2,3,5,0,0,0
1934207025753256205,"Sun, Jun 15, 2025",https://t.co/aHBLZ0PhAP,https://x.com/webuildscore/status/1934207025753256205,3337,15,58,1,1,0,0,2,4,37,0,0,0
1933840126100025651,"Sat, Jun 14, 2025","Tijjani Reijnders to Manchester City confirmed 🔵 Reijnders recorded 524 touches in the final third last season and 77 shots (8th among midfielders), offering control and attacking drive suited to Guardiola’s system. How do you see Reijnders fitting into City’s setup? https://t.co/3bzlRbR0I2",https://x.com/webuildscore/status/1933840126100025651,1009,16,38,0,0,0,0,0,2,12,0,0,0
1933594243718684798,"Fri, Jun 13, 2025",Score Vision (SN44) Update 🔥 The @sicssport X @webuildscore partnership provides Score with football footage of 280+ leagues. The pipeline to annotate this footage is now live for the Top 5 European Leagues + MLS. Get ready for real-time video annotation on Bittensor. https://t.co/OlUp91KCLh,https://x.com/webuildscore/status/1933594243718684798,2993,64,172,3,0,0,3,6,31,61,0,0,0
1933547131287347495,"Fri, Jun 13, 2025","Finding Football’s ‘Move 37’ 🔍 The game of Go once seemed too complex for machines - until AlphaGo made the impossible move. Football has its own version of ‘Move 37’, and @webuildscore is building the AI to find it. Read more 🔽",https://x.com/webuildscore/status/1933547131287347495,2307,25,74,1,0,0,0,4,2,43,0,0,0
1933546618541805640,"Fri, Jun 13, 2025",https://t.co/DDtVgu4cLR,https://x.com/webuildscore/status/1933546618541805640,4401,28,126,3,1,0,1,5,6,86,0,0,0
1933495090150060189,"Fri, Jun 13, 2025","Guess the player 👀 One of the most dangerous forwards in Europe this season. Quick, technical, and ice-cold in front of goal - a nightmare for defenders. Hint: Premier League 🤔 https://t.co/3EMQ4k5bOX",https://x.com/webuildscore/status/1933495090150060189,1682,34,112,0,1,0,9,1,5,48,1,0,0
1933147392309641359,"Thu, Jun 12, 2025","To everyone who stopped by our booth at @proofoftalk - thank you. It was great to connect in person, share what we’re building, and hear your thoughts on Score. Your feedback means a lot, and we’re just getting started. 🔥",https://x.com/webuildscore/status/1933147392309641359,453,9,16,0,0,0,1,0,1,5,0,0,0
1933147390275407928,"Thu, Jun 12, 2025",Score at @VivaTech We joined Europe’s biggest tech &amp; startup event to discuss the future of decentralised AI and the role of Bittensor in powering AI innovation. https://t.co/t21FqwCLBH,https://x.com/webuildscore/status/1933147390275407928,768,5,10,0,0,0,2,0,1,2,0,0,0
1933147387993723083,"Thu, Jun 12, 2025",Subnet Presentation at Proof of Talk Our CEO @mxmsbt presented Score's journey - from a football-focused Subnet to a real computer vision AI company thanks to Bittensor. https://t.co/uihViiFzQk,https://x.com/webuildscore/status/1933147387993723083,731,5,15,0,0,0,1,0,4,5,0,0,0
1933147385615790341,"Thu, Jun 12, 2025",$300M Partnership Revealed at @proofoftalk We announced a major milestone: @thedkingdao is partnering with a top sports-betting hedge fund. https://t.co/QgBU9Sq1Ml,https://x.com/webuildscore/status/1933147385615790341,415,4,26,0,0,1,1,0,9,11,0,0,0
1933147383262548430,"Thu, Jun 12, 2025","Score Weekly Roundup Big announcements, major events, and even bigger things ahead. Here’s a quick recap of everything that happened this week ⤵️ 1/5 🧵 https://t.co/4YS6ZvEaCH",https://x.com/webuildscore/status/1933147383262548430,1429,54,164,3,0,0,1,4,8,59,0,0,0
1933095833718710280,"Thu, Jun 12, 2025","This season’s top xA overachievers 🎯 Salah, Kane, and Vinicius all registered significantly more assists than expected, a result of teammates consistently converting even low-quality chances into goals. Good passes + even better finishing.🔽 https://t.co/N4qXVCWQ0S",https://x.com/webuildscore/status/1933095833718710280,754,27,53,0,0,0,0,1,2,17,0,0,0
1932880649288839455,"Wed, Jun 11, 2025",@metanova_labs @mentatminds @PwC @VivaTech 🤝,https://x.com/webuildscore/status/1932880649288839455,183,4,9,0,0,0,0,0,0,5,0,0,0
1932845676440019397,"Wed, Jun 11, 2025","A big day for @webuildscore After wrapping up the final day at @proofoftalk, our CEO @mxmsbt took the stage again at @VivaTech - Europe’s biggest tech &amp; startup event, to spread the word on Bittensor and how Score is building collaborative, decentralised AI. $TAO https://t.co/EDmJJIXvxZ",https://x.com/webuildscore/status/1932845676440019397,14048,125,653,3,3,5,5,17,63,97,4,0,0
1932809343264829474,"Wed, Jun 11, 2025",Score CEO and Co-Founder @mxmsbt explaining the Score computer vision layer during the final of Proof of Pitch at @proofoftalk 🔥 https://t.co/VnkMjgFMp9,https://x.com/webuildscore/status/1932809343264829474,1174,60,98,5,0,0,1,7,5,9,0,0,0
1932744735866655125,"Wed, Jun 11, 2025","$300M AUM $DKING Partnership ✅ Live at @proofoftalk, @mxmsbt revealed the new @thedkingdao partnership with one of the world’s largest sports-betting hedge funds. They’ll deploy $300M AUM using DKING’s DeFAI strategies, starting this 2025/26 season. $TAO Watch the moment 🔽 https://t.co/cK53NpwHqp",https://x.com/webuildscore/status/1932744735866655125,25149,170,943,14,10,7,13,36,118,429,0,0,0
1932480795400126813,"Tue, Jun 10, 2025","Score CEO @mxmsbt wrapped up his first talk at @proofoftalk 🎙️ During presentations by Bittensor Subnets, Max introduced @webuildscore with: “From a football-focused subnet to a real computer vision AI company - thanks to Bittensor.” https://t.co/2w4npoadMB",https://x.com/webuildscore/status/1932480795400126813,4149,117,461,3,1,3,4,16,23,71,0,0,0
1932473076932862094,"Tue, Jun 10, 2025","Score is taking the stage at @VivaTech Paris! Our CEO, @mxmsbt, will speak on “Decentralised AI: the rise of collaborative intelligence” - June 11, 4:15 PM at the PwC France booth (F25, Hall 1) Join us to learn more about Score and Bittensor. 🔽 https://t.co/HH1KYwNpHn",https://x.com/webuildscore/status/1932473076932862094,1347,52,92,0,0,0,0,5,14,17,0,0,0
1932385607424111085,"Tue, Jun 10, 2025",@ttsheik 🤝,https://x.com/webuildscore/status/1932385607424111085,98,3,5,0,0,0,1,0,1,0,0,0,0
1932384837739901083,"Tue, Jun 10, 2025","Here’s where you can catch our CEO, @mxmsbt, on stage 🔽 https://t.co/bDV6MQ6cLR",https://x.com/webuildscore/status/1932384837739901083,399,8,17,0,0,0,0,0,2,0,1,0,0
1932384834812346690,"Tue, Jun 10, 2025","Proof of Talk – Day 1 🇫🇷 We’re in Paris for @proofoftalk! Try to find us at the Score booth in the Bittensor Networking Hall - sharing what we’re building and what’s next for @webuildscore. Maxime, Nigel, Justin, and Matthew are here and looking to connect with anyone curious https://t.co/sKwnWfT69K",https://x.com/webuildscore/status/1932384834812346690,2505,136,409,5,0,0,5,13,18,57,1,0,0
1932138890292335082,"Mon, Jun 9, 2025",Read the full story here: https://t.co/0iwuTqzoon,https://x.com/webuildscore/status/1932138890292335082,446,1,5,0,0,0,0,0,1,3,0,0,0
1932138885691363433,"Mon, Jun 9, 2025","In 2024/25, PSG didn’t just win, they evolved. No longer a star-dependent side, they became a cohesive machine. To beat the best, you need talent, structure, commitment, and belief; all working as one. 🏆 https://t.co/rb9dPSs0GE",https://x.com/webuildscore/status/1932138885691363433,341,1,6,0,0,0,1,0,0,0,0,0,0
1932138882360860864,"Mon, Jun 9, 2025",The takeaway: PSG didn’t win the treble by signing bigger names. They built a system: ✔️ Squad depth &amp; shared responsibility ✔️ Clear tactical identity &amp; fluid passing networks ✔️ Relentless collective pressing &amp; efficient transitions,https://x.com/webuildscore/status/1932138882360860864,28,0,1,0,0,0,1,0,0,0,0,0,0
1932138879978463672,"Mon, Jun 9, 2025","Increase in efficiency, not possession: – 2023/24 CL: ~60.4% avg possession – 2024/25 CL: ~59.5% avg possession Yet in the final, PSG managed 31 touches in Inter’s box and created 5 clear chances; fewer passes, sharper intent. 🎯",https://x.com/webuildscore/status/1932138879978463672,20,0,1,0,0,0,1,0,0,0,0,0,0
1932138875390238863,"Mon, Jun 9, 2025",It wasn’t just about scoring chances; it was about winning the ball back: – PPDA dropped to 5.1 (2nd in Europe) – Over 5 final-third recoveries per match – Covered ~111 km per game on avg Pressing became attack; defense instantly morphed into offense. ⚔️ https://t.co/BExvosfJqv,https://x.com/webuildscore/status/1932138875390238863,39,0,5,0,0,0,1,0,0,0,0,0,0
1932138871967432753,"Mon, Jun 9, 2025","Sub impact skyrocketed: bench players went from ~12% of PSG’s xG to 22%. Fresh legs entered knowing how to create. When one star was marked out, another stepped up.",https://x.com/webuildscore/status/1932138871967432753,33,0,1,0,0,0,1,0,0,0,0,0,0
1932138867739726238,"Mon, Jun 9, 2025","Pass maps visualize the story: – 2023/24 Semi Final vs. Dortmund: Mbappé funneled attacks down one flank. Predictable. – 2024/25 Final vs. Inter: Three central hubs linked both flanks, stretching defenses thin. 🔄 https://t.co/nsG1OzAw1H",https://x.com/webuildscore/status/1932138867739726238,48,0,10,0,0,0,1,0,0,0,2,0,0
1932138863297728819,"Mon, Jun 9, 2025","Fast-forward to 2024/25: 15 PSG players cleared ≥0.15 xG/90. Midfielders, full-backs, substitutes; everyone chipped in. Creativity lived all over the pitch, not just upfront. https://t.co/CIUJZCgJYc",https://x.com/webuildscore/status/1932138863297728819,45,0,1,0,0,0,1,0,0,0,0,0,0
1932138860315611205,"Mon, Jun 9, 2025","During the “Galácticos” era, PSG’s creativity lived in a narrow funnel. In most seasons, only 7–11 players averaged ≥0.15 xG/90, and they were almost always forwards. Once defenses neutralized the key names, PSG’s attack had no Plan B.",https://x.com/webuildscore/status/1932138860315611205,39,0,1,0,0,0,1,0,0,0,0,0,0
1932138857358647530,"Mon, Jun 9, 2025","How PSG Evolved into a Treble-Winning Machine ⚽️ Since 2011, PSG leaned on superstars: Zlatan, Neymar, Mbappé, Messi. This year that script was torn up. PSG evolved into a treble-winning machine. Let’s dive into the story of how they did it 🔽 1/10 🧵 https://t.co/9uBzo0hCJO",https://x.com/webuildscore/status/1932138857358647530,612,11,18,1,0,0,1,0,0,6,0,0,0
1932100036235829463,"Mon, Jun 9, 2025","All set for @proofoftalk 🇫🇷 If you're curious about what we’re building, you’ll find us at the Score booth in the Bittensor Networking Hall. See you tomorrow! https://t.co/17RESKXjlf",https://x.com/webuildscore/status/1932100036235829463,5216,109,457,1,0,0,3,12,21,80,0,0,0
1932031581851402431,"Mon, Jun 9, 2025",Dribble Kings 👑 Barcelona had the most dribbles per game (12.05) among all Top 5 league winners and played one of the most attack-oriented styles in Europe. Nearly 3 goals and 12 chances created per game - all while making the fewest tackles (8.7). 🔽 https://t.co/1khI8IvXh2,https://x.com/webuildscore/status/1932031581851402431,587,17,44,0,0,0,0,1,3,17,0,0,0
1931745740855939104,"Sun, Jun 8, 2025","Nations League: Spain vs Portugal Both teams play a 4-3-3 with close midfielders, wingers staying wide, and fullbacks pushing up. Strikers stay high as targets. Centralization Index for both teams is close to 0 - no single player runs the game. Who’s taking the trophy? 🏆 https://t.co/2hAFCUDgQi",https://x.com/webuildscore/status/1931745740855939104,2405,44,162,1,2,3,8,5,20,40,0,0,0
1931688854517334043,"Sun, Jun 8, 2025","This season's top xG underachievers ❌ Hugo Ekitike scored 15 goals but had an xG of 23.09 - that’s 8.09 fewer than expected. Others like Roberto Piccoli, Gonçalo Ramos, and Breel Embolo also struggled to match their chances. Poor form or just bad luck? 😬 https://t.co/mPocggmdRu",https://x.com/webuildscore/status/1931688854517334043,1126,23,71,2,2,0,2,1,7,21,0,0,0
1931380481813057846,"Sat, Jun 7, 2025",How do we make sure miners are annotating games correctly? 📊 Score CEO @mxmsbt breaks down our quality assessment pipeline and the tools we use to check annotation accuracy. Watch the full convo 🔽 https://t.co/EEO3JwVXRa,https://x.com/webuildscore/status/1931380481813057846,2173,54,120,6,1,1,0,4,11,30,0,0,0
1931293189173895453,"Sat, Jun 7, 2025",7/7 Read more about this in our Score Deep Dive: From Vision to Winning 🔽 https://t.co/WWALn4W7YO,https://x.com/webuildscore/status/1931293189173895453,564,5,7,1,0,0,0,0,1,1,0,0,0
1931293187433242919,"Sat, Jun 7, 2025","6/7 The result? A 1000x speed boost and 100x cost drop compared to manual methods. What took days now takes minutes, opening up real-time sports intelligence for all. Not just the giants.",https://x.com/webuildscore/status/1931293187433242919,448,5,10,0,0,0,1,0,0,4,0,0,0
1931293185411559907,"Sat, Jun 7, 2025","5/7 By turning annotation into an open competition for a global pool of miners, the system inherently drives down costs and pushes up speed and accuracy. This addresses the core limitations that held back widespread, real-time sports data analysis. https://t.co/2UwyNT8hEd",https://x.com/webuildscore/status/1931293185411559907,114,3,16,1,0,0,1,0,0,5,0,0,0
1931293183029166236,"Sat, Jun 7, 2025","4/7 Score Vision, leveraging Subnet 44 on Bittensor, introduced a decentralized model. This wasn't just an incremental improvement; it was a fundamental shift in how annotation is performed and accessed.",https://x.com/webuildscore/status/1931293183029166236,90,3,5,1,0,0,1,0,0,1,0,0,0
1931293181385068722,"Sat, Jun 7, 2025","3/7 Traditional AI helped, but it was still clunky; centralized, resource-heavy, and often needed 6 hours of manual work per match. Elite infrastructure was a must, leaving smaller clubs behind.",https://x.com/webuildscore/status/1931293181385068722,73,3,5,0,0,0,1,0,0,1,0,0,0
1931293179795386697,"Sat, Jun 7, 2025","2/7 In the past, annotating a football match could take hours upon hours of manual labour, and be very costly. Real-time insights and transformative data were simply out of reach for most clubs.",https://x.com/webuildscore/status/1931293179795386697,72,3,7,0,0,0,1,0,0,3,0,0,0
1931293177564086555,"Sat, Jun 7, 2025","How Score Redefined Annotation 🎯 Sports annotation used to hold teams back: Slow, costly, and limited to the elite. Let’s break down how Score Vision changed the game. 1/7 🧵 https://t.co/OQ7BkIWCw8",https://x.com/webuildscore/status/1931293177564086555,1795,40,105,6,0,0,1,8,7,40,0,0,0
1931007618287325671,"Fri, Jun 6, 2025",You’ll also find us at the Score booth in the Bittensor Networking Hall 🤝 If you’re interested in what we’re building or exploring how to build on top of Score - we’d love to connect. See you in Paris!,https://x.com/webuildscore/status/1931007618287325671,378,7,14,0,0,0,0,0,2,5,0,0,0
1931007615527506299,"Fri, Jun 6, 2025","Here are the events where our CEO, @mxmsbt, will be speaking: • Presentations by Bittensor Subnets • Building a Sustainable Business Model as a Subnet Owner • Proof of Pitch Max will dive into Bittensor, Score, and what’s next for decentralised sports AI - and drop a https://t.co/6rhtd2IYYp",https://x.com/webuildscore/status/1931007615527506299,3988,9,46,0,0,0,3,2,3,13,0,0,0
1931007611161194512,"Fri, Jun 6, 2025","The Optic Nerve of AI goes to Paris 🇫🇷 Score is attending @proofoftalk on June 10–11 with a packed schedule. Out of 400+ startups, Score was selected as one of 17 finalists for Proof of Pitch. 🏁 We can't wait to share what we’ve been working on. 🔽 1/3 🧵 https://t.co/29GCV8el1Y",https://x.com/webuildscore/status/1931007611161194512,2872,84,186,2,0,1,7,19,18,46,0,0,0
1930965395353031125,"Fri, Jun 6, 2025","How it started vs how it’s going 📈 From a slow 14-epoch start to 1000+ epochs with smarter learning rate changes. The model is now learning faster, loss is dropping steadily, and it's performing better on both training and unseen data. 🔽 https://t.co/PbaDLAxkja",https://x.com/webuildscore/status/1930965395353031125,2218,39,171,1,0,0,5,5,9,40,0,0,0
1930933229361430578,"Fri, Jun 6, 2025",Who should we take a closer look at next? 👀,https://x.com/webuildscore/status/1930933229361430578,1181,13,26,1,0,0,1,1,6,5,0,0,0
1930679007659569518,"Thu, Jun 5, 2025","Nations League SF: Spain vs France 🇪🇸🇫🇷 Lamine Yamal and Ousmane Dembele bring very different styles to the wing - Yamal with close control and precision, Dembele with pace and unpredictability. Who’s going to face Portugal in the final? 🏆 https://t.co/QsjiZzpGFA",https://x.com/webuildscore/status/1930679007659569518,1115,23,51,0,0,0,0,0,3,8,0,0,0
1930611445852524855,"Thu, Jun 5, 2025","We're excited to announce a game-changing addition to the Score leadership team: Matthew Karas is joining as our new Chief Innovation Officer! With Matthew on the team, Score is adding a pioneer in real-time data, generative AI, and human-machine understanding. Over the past 36 https://t.co/FYTnf16bas",https://x.com/webuildscore/status/1930611445852524855,4614,78,279,3,1,0,11,16,20,136,0,0,0
1930571172124504404,"Thu, Jun 5, 2025",Want to dive in deeper into xThreat? Read the full article here: https://t.co/0zEcxSipkm,https://x.com/webuildscore/status/1930571172124504404,471,0,0,0,0,0,0,0,0,0,0,0,0
1930571170488721747,"Thu, Jun 5, 2025","Still, xT completes the attacking trinity: xG = finish xA = final pass xT = the storm before the strike Use it to find the players who start the fire, not just those who fan the flames. 🔥",https://x.com/webuildscore/status/1930571170488721747,328,0,1,0,0,0,1,0,0,0,0,0,0
1930571168844501006,"Thu, Jun 5, 2025","⚠️ But xT isn’t perfect. It doesn’t see: – Off-ball runs – Positional rotations – What happens after the ball hits a danger zone And it rewards completed actions, even sloppy ones. Use it with context.",https://x.com/webuildscore/status/1930571168844501006,28,0,1,0,0,0,1,0,0,0,0,0,0
1930571167204561347,"Thu, Jun 5, 2025",Here’s why teams love xT: - Maps where danger starts - Highlights tactical launch zones - Reveals buildup fingerprints - Helps analysts and scouts see the system behind the stats,https://x.com/webuildscore/status/1930571167204561347,37,0,1,0,0,0,1,0,0,0,0,0,0
1930571164708983172,"Thu, Jun 5, 2025",It’s the stat that spots the pre-assisters and pattern disruptors: ⚡️Doku – elite dribble-driven xT 🎯TAA – line-splitting passer ⚙️Rodri – the silent tempo-setter 🔁Ángelino – overlap machine 🧠De Bruyne – architect before the assist https://t.co/liimmPGJuX,https://x.com/webuildscore/status/1930571164708983172,65,0,6,0,0,0,1,0,0,1,0,0,0
1930571162049814873,"Thu, Jun 5, 2025","xT captures impact before the highlight. Think: - Rodri threading a vertical ball - Vinícius breaking lines off the dribble - Doku dragging defenders with chaos runs Even without a shot or assist, threat was created.",https://x.com/webuildscore/status/1930571162049814873,72,0,2,0,0,0,1,0,1,0,0,0,0
1930571159289954800,"Thu, Jun 5, 2025",🔍 How xT works: Imagine the pitch as a probability heatmap. Each zone is assigned a goal likelihood. A pass from zone A to zone B adds xThreat if B is more dangerous than A. ➡️ 0.01 to 0.07? That move added 0.06 xT. https://t.co/C3aPSYzjXh,https://x.com/webuildscore/status/1930571159289954800,59,0,14,0,0,0,1,0,0,8,0,0,0
1930571156869808322,"Thu, Jun 5, 2025","xG tells you who finishes. xA tells you who assists. But xThreat? It tells you who moves the game forward - before the final pass is even made. It’s how a dribble, carry, or vertical pass shifts the pitch in your favour.",https://x.com/webuildscore/status/1930571156869808322,47,0,1,0,0,0,1,0,0,0,0,0,0
1930571154474815509,"Thu, Jun 5, 2025",Winning Metrics #04: xThreat Not every pass is equal. Some moves create chaos before the shot ever happens. We break down xThreat (Expected Threat) - the stat that measures how teams create danger before the assist. Let’s explore the art of progression 🔽 1/9🧵 https://t.co/ER8wkN3xH0,https://x.com/webuildscore/status/1930571154474815509,827,19,38,2,0,0,2,0,4,12,0,0,0
1930333905686548774,"Wed, Jun 4, 2025","Nations League Semi-Final: Portugal vs Germany Kimmich and Bruno Fernandes are the creative hubs of their teams. Kimmich has 21 chances created and 5 assists, while Bruno has 20 chances created and 2 assists. Both will play a big part today. Who’s making it to the final? 🏆 https://t.co/D9UOrwDf7s",https://x.com/webuildscore/status/1930333905686548774,841,5,50,0,0,0,0,1,1,38,0,0,0
1930314272342519887,"Wed, Jun 4, 2025",Each team brings a different approach – from defensive structure to high-tempo attacking play. Who’s your pick to win it all? 🏆,https://x.com/webuildscore/status/1930314272342519887,316,1,6,0,0,0,3,0,0,2,0,0,0
1930314268630466735,"Wed, Jun 4, 2025","🇩🇪 Germany Germany focused on control and structure – fewest goals conceded (1.6), strong ball recoveries (39.5), and 11.25 shots on target per 90. With only 6.38 dribbles per 90, they relied more on shape and efficiency than individual creativity. https://t.co/kvZ8ihNiNB",https://x.com/webuildscore/status/1930314268630466735,351,1,4,0,0,0,1,0,0,1,0,0,0
1930314263802851808,"Wed, Jun 4, 2025",🇪🇸 Spain Spain were the most aggressive going forward – 3.29 goals per 90 and a tournament-high 12 shots on target per match. But that attacking approach left gaps: 2.6 goals conceded per 90 and the fewest tackles of the four teams. Risk vs reward in full effect. https://t.co/8aQnPs6sEE,https://x.com/webuildscore/status/1930314263802851808,48,0,1,0,0,0,1,0,0,0,0,0,0
1930314258937721158,"Wed, Jun 4, 2025",🇫🇷 France France combined creativity with control – creating 13.75 chances and averaging 11 shots on target per 90. They also had the highest ball recovery rate (46.0) among the 4 sides. A team that builds pressure and thrives off winning it back fast. https://t.co/l7t2sGMTMb,https://x.com/webuildscore/status/1930314258937721158,47,0,1,0,0,0,1,0,0,0,0,0,0
1930314254319501811,"Wed, Jun 4, 2025","UEFA Nations League Semi-Finalists 🇪🇺 🔽 🇵🇹 Portugal Portugal is clinical in both boxes – 2.83 goals scored and just 1.5 conceded per 90. They dominate the midfield too: 10.62 tackles and 41.62 ball recoveries per match. A well-balanced, efficient side. https://t.co/nNonkEFjKK",https://x.com/webuildscore/status/1930314254319501811,978,20,49,1,0,1,2,2,3,16,0,0,0
1930223802287325237,"Wed, Jun 4, 2025","How PSG Evolved into a Treble-Winning Machine ⚙️ PSG used to rely on stars to win games. This season, they played as a team - and it worked. We break down the tactics, data, and squad transformation behind PSG’s most complete season ever. Read more 🔽",https://x.com/webuildscore/status/1930223802287325237,1555,21,56,1,0,0,0,3,6,26,0,0,0
1930223715331031171,"Wed, Jun 4, 2025",https://t.co/FaOpxqs7iS,https://x.com/webuildscore/status/1930223715331031171,2301,9,49,1,0,0,0,1,2,37,0,0,0
1929916195219599589,"Tue, Jun 3, 2025",We’re heading to @proofoftalk 🇫🇷 Score has been selected as a finalist for Proof of Pitch at @proofoftalk! See you on stage June 10-11 😎,https://x.com/webuildscore/status/1929916195219599589,2964,77,135,1,0,1,3,9,12,33,0,0,0
1929886536708829545,"Tue, Jun 3, 2025","Viktor Gyökeres to Arsenal? 🧐 Compared to Kai Havertz, Gyökeres is dominating nearly every key stat this season - more goals, higher xG, more touches in the box, and more shots on target. But would his performance in Portugal translate to the Premier League? https://t.co/epbv40Mll6",https://x.com/webuildscore/status/1929886536708829545,661,10,47,0,0,0,2,1,0,18,0,0,0
1929855666937626733,"Tue, Jun 3, 2025","Goal Machine Mode 🤖 Out of all Top 5 league champions, PSG were the most lethal going forward - scoring nearly 3 goals per 90 and creating close to 15 chances per match. No team matched their attacking output this season. 🔽 https://t.co/NbuWvGc5Rz",https://x.com/webuildscore/status/1929855666937626733,554,10,29,0,0,0,0,1,0,10,0,0,0
1929628489231356079,"Mon, Jun 2, 2025","Play of the Week 💥 In the UCL Final vs Inter, PSG scored a brilliant team goal. It started near their own box, went through 5 players, and ended with a calm finish from Désiré Doué. Simple, quick, and effective football. 🔽 https://t.co/LiyXcfz0xi",https://x.com/webuildscore/status/1929628489231356079,926,12,34,0,0,0,1,1,2,11,0,0,0
1929594004183658801,"Mon, Jun 2, 2025",Guess the player 👀 One of the most dangerous right wingers in Europe this season. A constant threat every time he touches the ball. Who do you think it is? 🤔 https://t.co/812up3dyZ0,https://x.com/webuildscore/status/1929594004183658801,664,12,39,1,0,0,2,2,5,13,0,0,0
1929490576333758493,"Mon, Jun 2, 2025","Video is the new interface and Score is teaching machines to see. Score Subnet as a Service turns it into actionable knowledge; fast, open &amp; ethical. Read more 🔽 https://t.co/uz9M3Q5Tp3",https://x.com/webuildscore/status/1929490576333758493,625,5,15,0,0,0,0,1,0,5,4,0,0
1929490574391849083,"Mon, Jun 2, 2025","The long-term vision: a universal value function that scores any motion on video, whether a striker’s pass or a drone’s flight, laying foundations for real-world AGI.",https://x.com/webuildscore/status/1929490574391849083,434,2,9,0,0,0,1,1,2,3,0,0,0
1929490572625998129,"Mon, Jun 2, 2025","No crypto hurdle: fiat payments are coming. Upload → pay → receive structured insight. Decentralisation under the hood, seamless UX on top.",https://x.com/webuildscore/status/1929490572625998129,73,2,3,0,0,0,1,0,0,0,0,0,0
1929490569799102577,"Mon, Jun 2, 2025","Next up: cricket. With ex-England star Nick Compton onboard, Score brings split-second analytics to the crease, then to any domain via upcoming “sub-subnets” for micro-nets. https://t.co/vgCJLHoiiK",https://x.com/webuildscore/status/1929490569799102577,85,1,2,0,0,0,1,0,0,0,0,0,0
1929490566863065243,"Mon, Jun 2, 2025","Real-time annotation is the breakthrough. Subnet 44 is fast enough for live coaching insights, in-play betting &amp; dynamic overlays. Soon the same for other verticals like robots &amp; healthcare devices that must react to now, not yesterday.",https://x.com/webuildscore/status/1929490566863065243,80,1,2,0,0,0,1,0,0,0,0,0,0
1929490564459778128,"Mon, Jun 2, 2025","Beyond football, any camera becomes a sensor: 🚙 AVs &amp; robots - annotate lanes, obstacles, pedestrians 🏥 Medical imaging &amp; surgery 🛒 Retail &amp; security analytics 📺 Live broadcast overlays All in seconds, at a fraction of the cost. https://t.co/XuGjqzr82k",https://x.com/webuildscore/status/1929490564459778128,96,1,5,0,0,0,1,0,0,1,0,0,0
1929490561389523236,"Mon, Jun 2, 2025","Why it works: distributed compute on #Bittensor incentives for accuracy -&gt; every labeled frame improves the whole net, compounding speed and precision.",https://x.com/webuildscore/status/1929490561389523236,97,1,2,0,0,0,1,0,0,0,0,0,0
1929490559527256135,"Mon, Jun 2, 2025","That engine is now plug-and-play. Upload video → get clean JSON. No labeling army, no GPU farm, just a decentralised network paid strictly for performance.",https://x.com/webuildscore/status/1929490559527256135,94,1,2,0,0,0,1,0,0,0,0,0,0
1929490557568446559,"Mon, Jun 2, 2025","Score began on the football pitch. Its Bittensor Subnet 44 chops matches into 30-sec clips and leverages AI miners to tag players, ball &amp; keypoints. One clip done in 2 s—&gt; 1,000× faster than humans and conventional methods, with zero bespoke hardware.",https://x.com/webuildscore/status/1929490557568446559,110,2,4,0,0,0,1,0,1,0,0,0,0
1929490555144187992,"Mon, Jun 2, 2025","The world is drowning in video, from sports to surgery, but machines still can’t see. Old-school annotation is slow &amp; pricey. Enter Score ‘Subnet as a Service’, the optic nerve for AI that converts raw footage into real-time, structured data. 1/10 🧵🔽 https://t.co/EHI99aimdW",https://x.com/webuildscore/status/1929490555144187992,2534,46,135,5,1,0,1,15,14,49,0,0,0
1929220145160863982,"Sun, Jun 1, 2025",This season's top xG overachievers 💥 Patrik Schick scored 21 goals this season with just 13.81 xG - that’s 7.19 more than expected 👀 Finishing masterclass or just pure luck? https://t.co/m8JyEd4lk3,https://x.com/webuildscore/status/1929220145160863982,1033,20,66,3,1,1,0,3,8,20,0,0,0
1929188507282440682,"Sun, Jun 1, 2025","@cryptohappyguy That’s an interesting take. Funny how that ‘oldschool’ thinking still holds up today, and now it’s backed by data too. Thanks for sharing this gem!",https://x.com/webuildscore/status/1929188507282440682,42,0,2,0,0,0,1,0,0,1,0,0,0
1929153305327931726,"Sun, Jun 1, 2025","Danger doesn’t start with the shot - it starts with progression. In our latest article, we break down xThreat: a stat that tracks how teams move the ball into dangerous areas and what it reveals about buildup play, tactics, and overlooked creators. Read more 🔽",https://x.com/webuildscore/status/1929153305327931726,2824,22,57,2,0,0,1,5,4,25,0,0,0
1929153093058310314,"Sun, Jun 1, 2025",https://t.co/dSIhhOCzw0,https://x.com/webuildscore/status/1929153093058310314,5394,11,91,6,0,0,0,2,5,73,0,0,0
1928866566545842676,"Sat, May 31, 2025","UCL Final: PSG vs Inter Inter plays with a low block and a packed midfield, while PSG’s front three stay high and move freely. Dumfries pushes forward, but the space behind him could be a weak spot. It’s structure vs creativity. Who's bringing the trophy home? 🏆 https://t.co/D3nXk5Ltvy",https://x.com/webuildscore/status/1928866566545842676,2730,27,127,1,0,0,4,3,11,41,0,0,0
1928823057973383186,"Sat, May 31, 2025",@taoinsider 👋,https://x.com/webuildscore/status/1928823057973383186,62,1,8,0,0,0,0,0,0,7,0,0,0
1928802361008410882,"Sat, May 31, 2025","xA doesn’t just surface talent - it surfaces context. It shows who’s creating but going unnoticed. Who fits a system. Who’s delivering the right passes, even when teammates don’t finish the job. These 5 names weren’t obvious at the time. xA made them visible.",https://x.com/webuildscore/status/1928802361008410882,219,3,4,0,0,0,0,0,1,0,0,0,0
1928802357380251689,"Sat, May 31, 2025","Martin Ødegaard 🇳🇴 📍 Real Madrid ➡️ Arsenal (2021) Transfer: €35M Current MV: ~€100M On loan at Real Sociedad, Ødegaard posted elite xA and shot-creating numbers. Arsenal took notice - and landed their midfield leader. https://t.co/ncvnqdHhLj",https://x.com/webuildscore/status/1928802357380251689,419,1,10,0,0,0,2,0,0,3,0,0,0
1928802353638990312,"Sat, May 31, 2025","Raphinha 🇧🇷 📍 Rennes ➡️ Leeds (2020) - €18.6M 📍 Leeds ➡️ Barcelona (2022) - €58M Current MV: ~€80M His assist tally was modest in France, but xA told another story. Leeds saw it early - the rest is history. https://t.co/X3CuOsZnEY",https://x.com/webuildscore/status/1928802353638990312,240,0,4,0,0,0,1,0,0,0,0,0,0
1928802349667012902,"Sat, May 31, 2025","Saïd Benrahma 🇩🇿 📍 OGC Nice ➡️ Brentford (2018) Transfer: €1.7M Current MV: ~€15M Benrahma didn’t shine at Nice, but Brentford’s data team flagged his xA in Ligue 2. It paid off - he became one of their standout signings. https://t.co/NlvSlfScYN",https://x.com/webuildscore/status/1928802349667012902,356,1,14,0,0,0,1,0,0,3,0,0,0
1928802345925636218,"Sat, May 31, 2025","Pascal Groß 🇩🇪 📍 Ingolstadt ➡️ Brighton (2017) Transfer: ~€3M Current MV: ~€7M Despite Ingolstadt’s relegation, Groß led the Bundesliga in xA. Brighton saw the potential and signed a player who’s been key ever since. https://t.co/Qj5rVT1QnD",https://x.com/webuildscore/status/1928802345925636218,256,1,8,0,0,0,1,0,1,2,0,0,0
1928802341710606555,"Sat, May 31, 2025","Emiliano Buendía 🇦🇷 📍 Getafe ➡️ Norwich City (2018) Transfer: ~€1.2M Current MV: ~€18M His assist numbers at Getafe were low, but Norwich spotted elite xA per 90 in Spain’s second tier. A cheap signing who became their main creator. https://t.co/MGW7M8OyOn",https://x.com/webuildscore/status/1928802341710606555,406,2,18,0,0,0,1,0,2,3,0,0,0
1928802338170409119,"Sat, May 31, 2025","xA measures the likelihood that a given pass will result in a goal, regardless of whether it actually does. Let’s look at five players who were spotted by scouts thanks to the insights xA provided, even when the stat sheet didn’t stand out.",https://x.com/webuildscore/status/1928802338170409119,285,1,3,0,0,0,1,0,0,1,0,0,0
1928802335825744378,"Sat, May 31, 2025","Winning Metrics: xA in Scouting Traditional metrics like goals, assists and even xG only tell part of the story. Many players consistently create high-quality chances, but go unnoticed by scouts if teammates fail to finish them. That’s where xA comes in. 🔽 [1/8] 🧵 https://t.co/KAoWtUsAXk",https://x.com/webuildscore/status/1928802335825744378,4800,37,154,6,2,0,1,7,12,83,0,0,0
1928531512296612058,"Fri, May 30, 2025","Florian Wirtz to Liverpool is nearly done 🔴 Top 2% of attacking mids in Europe for progressive passes &amp; shot-creating actions per 90. His versatility and intelligence make him an ideal fit for Arne Slot’s fluid, attacking system. https://t.co/mw3uoDptlS",https://x.com/webuildscore/status/1928531512296612058,923,9,40,0,1,0,0,2,2,21,0,0,0
1928389387298979963,"Fri, May 30, 2025","What actually happens on Score’s Bittensor SN44? 🧐 Our CTO, @tm0klc, explained it without the tech jargon on @opentensor’s Novelty Search podcast. $TAO Watch the full convo below 🔽 https://t.co/TnnfI5La5A https://t.co/ct1IAlO6aF",https://x.com/webuildscore/status/1928389387298979963,2387,56,219,12,2,3,2,10,27,56,21,0,0
1928113273724891168,"Thu, May 29, 2025","No players missed more big chances in Ligue 1 this season than the five shown below. Finding space and getting opportunities is only half the job, converting them is what makes the difference. 🔽 https://t.co/Xr2j6Z2l69",https://x.com/webuildscore/status/1928113273724891168,631,18,53,0,0,0,0,2,4,22,0,0,0
1927779402861138300,"Wed, May 28, 2025","UECL Final: Real Betis vs Chelsea At Betis, Antony looks closer to his Ajax best - more confident, more creative, and more dangerous in front of goal. The numbers speak for themselves. Now it's time to show it on the big stage. 🏆 https://t.co/BfGA8vfFQS",https://x.com/webuildscore/status/1927779402861138300,636,11,44,0,0,0,0,2,0,16,0,0,0
1927729030792384655,"Wed, May 28, 2025","Score's Subnet as a Service - The Optic Nerve for AI 👁️ In our latest article, we break down how Score’s Subnet (SN44) as a Service turns raw video into structured data - fast, scalable, and decentralised. Turning vision into insight. $TAO Read more 🔽",https://x.com/webuildscore/status/1927729030792384655,6231,48,169,7,0,1,2,11,13,92,2,0,0
1927728976664879197,"Wed, May 28, 2025",https://t.co/P12JQKmZAu,https://x.com/webuildscore/status/1927728976664879197,18333,72,948,17,5,6,2,14,70,779,5,0,0
1927425569937064244,"Tue, May 27, 2025","High Risk, High Reward 🏆 Bayern conceded more goals than any other title winner in Europe’s Top 5 leagues (1.94 per 90) - but their attacking firepower was relentless, creating more than 14 chances per game. https://t.co/MGLlwMvq8f",https://x.com/webuildscore/status/1927425569937064244,508,8,30,0,0,0,0,1,1,9,0,0,0
1927400023119065346,"Tue, May 27, 2025",🕵️‍♂️🔎,https://x.com/webuildscore/status/1927400023119065346,1343,30,48,1,0,0,1,1,7,9,0,0,0
1927353911834190057,"Tue, May 27, 2025","Community Scout - Nwaneri &amp; Endrick Nwaneri stands out for his confidence on the ball, always looking to take on defenders and open up space. Endrick plays with more focus around the box, making his chances count when it matters most. Who’s your choice? 🔽 https://t.co/FiY8deywzc",https://x.com/webuildscore/status/1927353911834190057,1779,12,39,0,0,0,0,1,5,8,0,0,0
1927069935752147263,"Mon, May 26, 2025","30 seconds of football footage, annotated in just 2 seconds - with near-human accuracy. Only possible with @webuildscore. ✅ Full convo in post below🔽 https://t.co/wA2UIRPYD0",https://x.com/webuildscore/status/1927069935752147263,2552,73,166,5,1,0,1,9,5,49,0,0,0
1926995784903381206,"Mon, May 26, 2025","More than a title - the start of something new 🏆 This season marked the beginning of a new era. With a system that fits and young talent leading the way, Barça isn’t just celebrating - they’re building something long-term. Full breakdown 🔽 https://t.co/7m36KB2S83",https://x.com/webuildscore/status/1926995784903381206,543,1,11,0,0,0,0,1,2,4,3,0,0
1926995779559801304,"Mon, May 26, 2025","A clear tactical identity 🎯 Hansi Flick introduced a more structured and aggressive style, built on coordinated pressing and sharper transitions. Barça also led the league with 175 offside traps. https://t.co/vCWUhGS24k",https://x.com/webuildscore/status/1926995779559801304,378,2,14,0,0,0,1,1,1,6,0,0,0
1926995776753820131,"Mon, May 26, 2025","The Clásico comeback that shifted momentum 🆚 Barcelona’s 4–3 win over Real Madrid, after being 0–2 down, was more than just a dramatic result. It marked a turning point in the title race and reinforced the belief that this team could fight against the odds and win.",https://x.com/webuildscore/status/1926995776753820131,40,0,1,0,0,0,1,0,0,0,0,0,0
1926995772995751972,"Mon, May 26, 2025","Raphinha’s best season in Spain 🇧🇷 This was arguably Raphinha’s most complete campaign since joining La Liga. He became both a creative engine and a goal threat, consistently ranking high in big chances created and converted. https://t.co/zgickwELeH",https://x.com/webuildscore/status/1926995772995751972,47,0,5,0,0,0,1,0,0,0,0,0,0
1926995767585046630,"Mon, May 26, 2025","Lewandowski delivered when it mattered 9️⃣ While many questioned whether he could maintain his level, Lewandowski responded with 27 goals from just 25.65 xG. His timing, positioning, and finishing were vital throughout the season.",https://x.com/webuildscore/status/1926995767585046630,52,0,2,0,0,0,1,0,0,1,0,0,0
1926995764158386347,"Mon, May 26, 2025","Lamine Yamal’s breakout year 💥 At just 17, Yamal became a key figure in Barça’s attack. He finished the season with 19 goal contributions, led the league in expected assists, and was among the top in progressive carries. https://t.co/VkkC3HvZSO",https://x.com/webuildscore/status/1926995764158386347,49,1,4,0,0,0,1,0,0,1,0,0,0
1926995760068907044,"Mon, May 26, 2025","Remontada 🔄 One of the clearest signs of Barcelona’s transformation was their ability to fight back. They recorded 7 comeback wins in La Liga this season, including four where they overturned a two-goal deficit. https://t.co/FDJ3GUcJbm",https://x.com/webuildscore/status/1926995760068907044,48,0,4,0,0,0,1,0,1,0,0,0,0
1926995755446718573,"Mon, May 26, 2025","How Barcelona conquered La Liga in the 2024/25 season 👑 Barcelona looks like a completely different team this year. Under Hansi Flick, the playing style has evolved, the squad is full of fresh talent, and the mentality shift is clear. [1/8] 🧵 https://t.co/BwKQRf9oxf",https://x.com/webuildscore/status/1926995755446718573,666,24,60,0,1,0,1,3,8,23,0,0,0
1926689054453563440,"Sun, May 25, 2025","Goal of the Week! ⚽️ In the 86th minute vs Nottingham Forest, Jarrod Bowen pulled one back for West Ham with a stunning piece of skill – flicking the ball up with his left foot before smashing a volley past the keeper. Technique, timing, and pure class on display. 🔽 https://t.co/R4i7X8CHDp",https://x.com/webuildscore/status/1926689054453563440,1573,26,53,1,0,0,0,2,4,11,0,0,0
1926345545607500074,"Sat, May 24, 2025",Who’s next on the radar? 📡,https://x.com/webuildscore/status/1926345545607500074,1607,23,41,0,0,0,2,2,2,12,0,0,0
1926139614835646785,"Sat, May 24, 2025","Big brain mastering the game 🧠 A 1400-epoch training cycle, closely monitoring training and validation loss. Our model is learning steadily and making accurate predictions not just on training data, but also on new, unseen examples. 🔽 https://t.co/DhYPS3yyxX",https://x.com/webuildscore/status/1926139614835646785,1218,25,87,2,0,0,2,4,3,33,0,0,0
1925953698234048565,"Fri, May 23, 2025","Serie A Title Games!🔥 Napoli face struggling Cagliari, while Inter travel to a resilient Como side. Both are expected to win, but a Napoli defeat and Inter draw forces a title playoff under the new league rules. Will tonight be decisive, or are we headed for a final thriller? https://t.co/21NvV5fiHm",https://x.com/webuildscore/status/1925953698234048565,944,13,46,1,0,0,3,2,3,10,0,0,0
1925925158293737588,"Fri, May 23, 2025","We're excited to announce that @dsvfund has invested $100K OTC into @webuildscore, forming a strategic partnership between two entities aligned on $TAO's long-term vision and ethos. Score is building real-time video intelligence on Bittensor through Subnet 44, creating https://t.co/1IRpyQRjmE",https://x.com/webuildscore/status/1925925158293737588,24351,155,898,9,12,21,16,25,176,430,0,0,0
1925900093531574680,"Fri, May 23, 2025",Our CEO @mxmsbt is joining the stage at one of Europe’s top Web3 events @proofoftalk See you in Paris! 🇫🇷,https://x.com/webuildscore/status/1925900093531574680,1522,42,67,0,0,0,0,2,6,17,0,0,0
1925862020248658121,"Fri, May 23, 2025","“By the age of four, a child has already ingested more data through their eyes than today’s biggest text-based LLMs.” Score CEO @mxmsbt breaks down Score’s approach to building AI that learns and reasons on a human level - not just faster, but smarter. Watch the full convo 🔽 https://t.co/qqSmXmWu4d",https://x.com/webuildscore/status/1925862020248658121,3273,49,131,4,0,0,0,5,7,40,0,0,0
1925597526620836109,"Thu, May 22, 2025","La Liga Goalkeeper MVP: Joan García 🧤 A breakout year for Espanyol’s keeper - calm, consistent, and clutch when it mattered most. He faced 192 shots, made 141 saves, and prevented nearly 7 xG. Does he stay at Espanyol next season, or is a big move coming? 👀 https://t.co/d7Onu9H3Zk",https://x.com/webuildscore/status/1925597526620836109,1021,5,60,0,1,0,1,1,7,12,0,0,0
1925232368723308622,"Wed, May 21, 2025","UEL Final: Man United vs Tottenham Casemiro has never lost a European final - and he’s one of the hardest to beat in midfield. Bentancur has even better duel stats this season, keeping things under control for Spurs. Who lifts the trophy in Bilbao? 🏆 https://t.co/fho7Ck47Iv",https://x.com/webuildscore/status/1925232368723308622,1115,12,49,0,0,2,1,3,7,21,0,0,0
1925121135378927725,"Wed, May 21, 2025",The @webuildscore neural network keeps learning 🧠 This heatmap shows the valuation function of the ball's position. The most valuable action for T1-0 (Team 1 - Blue) is to pass the ball in the space behind T1-4. A perfect pass increases Team Blue's valuation by +0.6. https://t.co/NGPNIfr7EO,https://x.com/webuildscore/status/1925121135378927725,2883,35,133,1,0,0,2,7,3,48,0,0,0
1925085992429527492,"Wed, May 21, 2025",Score CEO @mxmsbt and Bittensor Guru @KeithSingery with a fantastic deep dive on our tech and vision for the future. Listen to the full episode here 🔽 https://t.co/cxGOTYyKky,https://x.com/webuildscore/status/1925085992429527492,1916,41,97,2,0,0,4,5,8,34,5,0,0
1924798539307065378,"Tue, May 20, 2025",Want to understand xG in even more detail? Read the full article here: https://t.co/bwwJqLP4SH,https://x.com/webuildscore/status/1924798539307065378,570,0,5,0,0,0,1,0,3,0,1,0,0
1924798537671315940,"Tue, May 20, 2025","xG allows scouts and analysts to evaluate players more accurately. It shows which players can score from low xG chances, and which ones regularly waste big opportunities with high xG. The numbers tell a deeper story than goals alone.",https://x.com/webuildscore/status/1924798537671315940,416,1,6,0,0,0,1,1,0,3,0,0,0
1924798535234428985,"Tue, May 20, 2025","For instance, penalties have an average xG of around 0.8 because they’re very likely to be scored. They’re taken from close range with no defenders, making them one of the easiest and most reliable ways to score, around 4 out of every 5 go in. https://t.co/1608Noty8W",https://x.com/webuildscore/status/1924798535234428985,66,0,1,0,0,0,1,0,0,0,0,0,0
1924798532835258616,"Tue, May 20, 2025","Statistical models analyze various factors by comparing each shot to thousands of similar situations found in historical data. The result is a probability score, an xG value, which ranges from 0 to 1. This score indicates how likely it was for the shot to result in a goal.",https://x.com/webuildscore/status/1924798532835258616,74,0,2,0,0,0,1,0,1,0,0,0,0
1924798530528366944,"Tue, May 20, 2025","xG models consider a wide range of inputs to assess the quality of a chance, including: - Distance to goal - Angle the shot is taken from - Type of shot (foot, header) - Goalkeeper’s position - Number and position of defenders - Context of play (open play, set-piece) https://t.co/zy2TpwemWr",https://x.com/webuildscore/status/1924798530528366944,106,0,4,0,0,0,1,0,0,1,0,0,0
1924798527164846278,"Tue, May 20, 2025","Winning Metrics: How xG is calculated ⚽️ This stat is everywhere in modern football, from post-match debates to scouting reports - but what goes into the numbers? Let’s break down the key factors behind this game-changing metric. ⬇️ [1/6] 🧵 https://t.co/1sYDOH0Vug",https://x.com/webuildscore/status/1924798527164846278,997,31,87,2,0,0,1,2,10,38,0,0,0
1924497069558894927,"Mon, May 19, 2025","Community Scout – Pau Cubarsí At just 18, Pau Cubarsí leads LaLiga in accurate passes from his own half into the opponent’s. He stays calm, plays long passes with purpose, and helps Barcelona move the ball forward with control. Barça’s next defensive maestro? 🛡️ https://t.co/DWKkX0TgaS",https://x.com/webuildscore/status/1924497069558894927,2868,21,76,0,0,0,0,2,11,30,0,0,0
1924094327933808823,"Sun, May 18, 2025","Creativity doesn’t always appear on the scoresheet, but it shapes the game. In our latest article, we explore Expected Assists (xA): how it highlights the value of chance creation and reveals the impact of players beyond goals and assists. Read more 🔽",https://x.com/webuildscore/status/1924094327933808823,2040,26,66,5,0,0,0,4,9,27,0,0,0
1924093957488672995,"Sun, May 18, 2025",https://t.co/0Pq1GVCCtN,https://x.com/webuildscore/status/1924093957488672995,2521,4,62,4,2,0,0,0,4,54,0,0,0
1923741293584449806,"Sat, May 17, 2025",FA Cup Final: Man City vs Crystal Palace Grealish leads the FA Cup in chances created (18). Eze is second in goals scored. Both play on the left wing and were key in helping their teams reach the final. Who steps up when it matters most at Wembley? 🥇 https://t.co/gLcU8Vs7Ox,https://x.com/webuildscore/status/1923741293584449806,1194,12,45,0,0,0,0,3,2,15,0,0,0
1923425638490243295,"Fri, May 16, 2025","Score is excited to welcome Kacper as our new Social Media Manager! Kacper brings over four years of hands-on experience in Web3, crypto, e-commerce, and AI, working with early-stage startups, high-growth ventures, and established tech teams. Throughout his career, he’s led the https://t.co/FtQs0zvYeD",https://x.com/webuildscore/status/1923425638490243295,1871,39,103,0,0,0,3,5,10,36,0,0,0
1923384148552528267,"Fri, May 16, 2025",@Victor_crypto_ @LilianAliaga_ @ChrisSmiiic 🫶,https://x.com/webuildscore/status/1923384148552528267,52,1,6,0,0,0,0,0,0,5,0,0,0
1923136235205231022,"Thu, May 15, 2025","FC Barcelona wins the 2024/25 La Liga title! 🏆 Barça’s triumph wasn’t just about talent - it was about control, structure, and execution. In our latest article, we break down how they secured La Liga and how smarter data can reveal what the eye might miss. Read more 🔽",https://x.com/webuildscore/status/1923136235205231022,1244,16,37,0,0,1,0,2,0,18,0,0,0
1923136084000768039,"Thu, May 15, 2025",https://t.co/ooNfpJNxBW,https://x.com/webuildscore/status/1923136084000768039,2323,9,103,0,1,0,0,2,4,87,1,0,0
1923080002288951332,"Thu, May 15, 2025",@FCBarcelona One win away... is it happening tonight? 👀 https://t.co/ZzQGrA0Bpi,https://x.com/webuildscore/status/1923080002288951332,1285,4,8,0,0,0,0,0,0,4,0,0,0
1923076777011749022,"Thu, May 15, 2025","La Liga: Espanyol vs FC Barcelona With 92 goals and nearly 95 xG across home and away matches, Barca is just one win away from the title. Espanyol has lost three games straight and sits near the bottom in both goals and xG. Will tonight crown the champions? 🏆 https://t.co/oKUAsn55c2",https://x.com/webuildscore/status/1923076777011749022,2225,16,61,0,0,0,0,1,2,18,0,0,0
1922711004456288697,"Wed, May 14, 2025","Coppa Italia Final: Milan vs Bologna Just five days ago, Milan beat Bologna 3–1 in Serie A. Now they meet again - with silverware on the line. Milan leads the cup in goals per game (3.3), Bologna in shots on target (6). Revenge or repeat in Rome? 🏆 https://t.co/4A4llx5eoS",https://x.com/webuildscore/status/1922711004456288697,829,12,36,2,0,0,0,3,3,11,0,0,0
1922670217768980658,"Wed, May 14, 2025","Score is expanding rapidly and we’re happy to welcome Sam (@sirubi_eth) as our new Content Writer! With a deep curiosity sparked by Bitcoin and the 2017 ICO boom, Sam has spent the past decade exploring how blockchain can reshape finance, data, and systems of power. He has https://t.co/U9dvWGYLev",https://x.com/webuildscore/status/1922670217768980658,2569,47,149,1,2,1,5,2,28,47,0,0,0
1922636766235832538,"Wed, May 14, 2025","Goal of the Week! ⚽️ In stoppage time against Athletic Club, Mason Mount produced a moment of brilliance - a left-footed strike from 45 yards out that sailed over the goalkeeper and into the net. Precision, awareness, and technique at its finest. 🔽 https://t.co/tixRrE1EFk",https://x.com/webuildscore/status/1922636766235832538,646,7,32,0,0,0,0,1,3,16,0,0,0
1922342595969331649,"Tue, May 13, 2025","Bittensor Subnet 44 Validator Hotfix Update We’ve released a new validator update to improve stability and fairness across the network. If you're running a validator, make sure to update as soon as possible. Here’s what’s changing 🔽 ✅ Max Processing Time Capped at 15s - Slow https://t.co/PNR7yHy9r8",https://x.com/webuildscore/status/1922342595969331649,853,28,69,0,0,0,0,2,3,27,0,0,0
1922309819425227243,"Tue, May 13, 2025",Who’s next on your watchlist? 👀,https://x.com/webuildscore/status/1922309819425227243,967,5,19,0,1,0,2,0,2,10,0,0,0
1922242581401882800,"Tue, May 13, 2025","Score Deep Dive 📑 For years, turning football footage into data was slow, expensive, and exclusive to top clubs. Score Vision democratises access to elite-tier data annotation at scale, powering decentralised AI models, making it faster, cheaper, and accessible. Learn more 🔽",https://x.com/webuildscore/status/1922242581401882800,2154,28,116,7,0,0,0,6,8,74,0,0,0
1922242439831564633,"Tue, May 13, 2025",https://t.co/0DiL4mLYJq,https://x.com/webuildscore/status/1922242439831564633,15088,80,730,17,2,1,12,18,27,555,37,0,0
1922237271727628719,"Tue, May 13, 2025","Score CEO &amp; Co-Founder @mxmsbt kicking off the Amsterdam offsite, sharing his thoughts on the future of @webuildscore and Bittensor. More soon 👀 https://t.co/8DjqADJDLA",https://x.com/webuildscore/status/1922237271727628719,2115,87,295,0,1,1,8,10,30,59,0,0,0
1921943785056936047,"Mon, May 12, 2025","Community Scout – Arda Güler The Turkish talent hasn’t played much this season, but when he does, he delivers. Per 90, he creates chances, hits the target, and finds his teammates just like the best in Madrid’s midfield. Sharp, creative, and efficient. Star in the making? https://t.co/CXIYMVD9WE",https://x.com/webuildscore/status/1921943785056936047,2317,19,89,0,1,0,0,4,13,17,0,0,0
1921551398061166632,"Sun, May 11, 2025",@FCBarcelona Will Real Madrid fall into Barça’s trap again? 👀 https://t.co/uLbp7FUvN3,https://x.com/webuildscore/status/1921551398061166632,2865,5,20,0,0,0,0,1,2,12,0,0,0
1921551269132370072,"Sun, May 11, 2025","La Liga: Barça vs Real Madrid Barça’s high line has forced 161 offsides - the most in La Liga. Real Madrid has been caught offside 75 times, third worst in the league. Real Madrid needs to win to stay in the title race. Can they avoid Barça’s trap this time? 🚩 https://t.co/C014EliIIP",https://x.com/webuildscore/status/1921551269132370072,5362,19,120,1,0,1,0,0,5,27,0,0,0
1921227455404048775,"Sat, May 10, 2025","Serie A: Lazio vs Juventus Lazio scores more (1.7), creates more chances (10.4), and leads in interceptions. Juventus, however, keeps more of the ball (58.2%) and has a much stronger defense, just 0.9 goals conceded per game. Who takes the upper hand in the top 4 battle? https://t.co/sNoMemoFlw",https://x.com/webuildscore/status/1921227455404048775,1298,28,73,0,0,0,4,3,7,12,0,0,0
1920824323151217054,"Fri, May 9, 2025","Shot of the Week! 💥 Just before half time, Julio Enciso laced it from distance and watched the ball kiss the bar before finding the back of the net, leaving the keeper no chance. A brilliant goal that brought Ipswich back into the game. Safe to say, Ipswich fans will be https://t.co/Gz7GDmCpLw",https://x.com/webuildscore/status/1920824323151217054,985,9,28,0,0,0,0,1,4,8,0,0,0
1920537432195518717,"Thu, May 8, 2025","UEL Semi-Final: Bodø/Glimt vs Tottenham Glimt controlled 58% possession and dominated key areas in the first leg, but walked away two goals down. Possession isn’t everything - only the score counts in the end. Can they pull off a comeback in front of their home crowd? https://t.co/HOcNANkmPx",https://x.com/webuildscore/status/1920537432195518717,2439,10,55,0,0,0,1,1,7,17,0,0,0
1920179401443958864,"Wed, May 7, 2025",@PSG_inside Raya or Donnarumma? 🥅 https://t.co/cILYaQIWSx,https://x.com/webuildscore/status/1920179401443958864,1983,1,8,0,0,0,0,0,1,6,0,0,0
1920173566454067364,"Wed, May 7, 2025",@Arsenal Raya or Donnarumma? 🥅 https://t.co/cILYaQIWSx,https://x.com/webuildscore/status/1920173566454067364,1635,0,3,0,0,0,0,0,0,2,1,0,0
1920172779795578895,"Wed, May 7, 2025","UCL Semi-Final: PSG - Arsenal PSG with a narrow 1-0 lead into the second leg. Goalkeepers Donnaruma (72.3%) and Raya (75.7%) boast strong save percentages, leading to 2.12 and 4.8 expected goals prevented, respectively. Crucial! Will we witness another thriller tonight?👀 https://t.co/tN8xkttHt7",https://x.com/webuildscore/status/1920172779795578895,6118,21,176,0,1,0,5,3,16,39,0,0,0
1920129020940693962,"Wed, May 7, 2025","Score Vision Subnet SN44 Validator Update Last week, Score pushed a validator update to the bounding box scoring logic, making evaluations more robust and fair. Here’s what’s new 🔽 ✅ More accurate multi-step CLIP-based classification for football detection ✅ Better handling https://t.co/2dPh9eH4FD",https://x.com/webuildscore/status/1920129020940693962,924,30,85,1,0,0,3,2,7,37,0,0,0